tau,rho,precision,recall,far,f1,tp,nAccepted,nFalseAccept
0,1,0.664444444444444,0.996666666666667,1,0.797333333333333,1794,2700,900
0,1.1,0.77686308492201,0.996111111111111,0.568888888888889,0.872930866601753,1793,2308,512
0,1.25,0.822099954149473,0.996111111111111,0.427777777777778,0.900778698819392,1793,2181,385
0,1.5,0.933854166666667,0.996111111111111,0.141111111111111,0.963978494623656,1793,1920,127
0,1.75,0.979759299781182,0.995,0.0411111111111111,0.987320837927233,1791,1828,37
0,2,0.988931931377975,0.992777777777778,0.0222222222222222,0.990851122816745,1787,1807,20
0,2.5,0.997192588433464,0.986666666666667,0.00555555555555556,0.991901703434795,1776,1781,5
0,3,0.998305084745763,0.981666666666667,0.00333333333333333,0.989915966386555,1767,1770,3
0,4,1,0.97,0,0.984771573604061,1746,1746,0
0,5,1,0.946666666666667,0,0.972602739726027,1704,1704,0
0,7,1,0.895,0,0.944591029023747,1611,1611,0
0,10,1,0.812222222222222,0,0.896382587369712,1462,1462,0
0.00314795383001049,1,0.664444444444444,0.996666666666667,1,0.797333333333333,1794,2700,900
0.00314795383001049,1.1,0.77686308492201,0.996111111111111,0.568888888888889,0.872930866601753,1793,2308,512
0.00314795383001049,1.25,0.822099954149473,0.996111111111111,0.427777777777778,0.900778698819392,1793,2181,385
0.00314795383001049,1.5,0.933854166666667,0.996111111111111,0.141111111111111,0.963978494623656,1793,1920,127
0.00314795383001049,1.75,0.979759299781182,0.995,0.0411111111111111,0.987320837927233,1791,1828,37
0.00314795383001049,2,0.988931931377975,0.992777777777778,0.0222222222222222,0.990851122816745,1787,1807,20
0.00314795383001049,2.5,0.997192588433464,0.986666666666667,0.00555555555555556,0.991901703434795,1776,1781,5
0.00314795383001049,3,0.998305084745763,0.981666666666667,0.00333333333333333,0.989915966386555,1767,1770,3
0.00314795383001049,4,1,0.97,0,0.984771573604061,1746,1746,0
0.00314795383001049,5,1,0.946666666666667,0,0.972602739726027,1704,1704,0
0.00314795383001049,7,1,0.895,0,0.944591029023747,1611,1611,0
0.00314795383001049,10,1,0.812222222222222,0,0.896382587369712,1462,1462,0
0.00420875806542151,1,0.670153156518491,0.996666666666667,0.974444444444444,0.801429528702256,1794,2677,877
0.00420875806542151,1.1,0.778211805555556,0.996111111111111,0.564444444444444,0.873781676413255,1793,2304,508
0.00420875806542151,1.25,0.823610473128158,0.996111111111111,0.423333333333333,0.901684686949962,1793,2177,381
0.00420875806542151,1.5,0.933854166666667,0.996111111111111,0.141111111111111,0.963978494623656,1793,1920,127
0.00420875806542151,1.75,0.979759299781182,0.995,0.0411111111111111,0.987320837927233,1791,1828,37
0.00420875806542151,2,0.988931931377975,0.992777777777778,0.0222222222222222,0.990851122816745,1787,1807,20
0.00420875806542151,2.5,0.997192588433464,0.986666666666667,0.00555555555555556,0.991901703434795,1776,1781,5
0.00420875806542151,3,0.998305084745763,0.981666666666667,0.00333333333333333,0.989915966386555,1767,1770,3
0.00420875806542151,4,1,0.97,0,0.984771573604061,1746,1746,0
0.00420875806542151,5,1,0.946666666666667,0,0.972602739726027,1704,1704,0
0.00420875806542151,7,1,0.895,0,0.944591029023747,1611,1611,0
0.00420875806542151,10,1,0.812222222222222,0,0.896382587369712,1462,1462,0
0.00473409938930419,1,0.675706214689266,0.996666666666667,0.95,0.805387205387205,1794,2655,855
0.00473409938930419,1.1,0.780583369612538,0.996111111111111,0.556666666666667,0.875274591164266,1793,2297,501
0.00473409938930419,1.25,0.826267281105991,0.996111111111111,0.415555555555556,0.903274559193955,1793,2170,374
0.00473409938930419,1.5,0.933854166666667,0.996111111111111,0.141111111111111,0.963978494623656,1793,1920,127
0.00473409938930419,1.75,0.979759299781182,0.995,0.0411111111111111,0.987320837927233,1791,1828,37
0.00473409938930419,2,0.988931931377975,0.992777777777778,0.0222222222222222,0.990851122816745,1787,1807,20
0.00473409938930419,2.5,0.997192588433464,0.986666666666667,0.00555555555555556,0.991901703434795,1776,1781,5
0.00473409938930419,3,0.998305084745763,0.981666666666667,0.00333333333333333,0.989915966386555,1767,1770,3
0.00473409938930419,4,1,0.97,0,0.984771573604061,1746,1746,0
0.00473409938930419,5,1,0.946666666666667,0,0.972602739726027,1704,1704,0
0.00473409938930419,7,1,0.895,0,0.944591029023747,1611,1611,0
0.00473409938930419,10,1,0.812222222222222,0,0.896382587369712,1462,1462,0
0.00504540867810293,1,0.681352069882264,0.996666666666667,0.925555555555556,0.809384164222874,1794,2633,833
0.00504540867810293,1.1,0.784682713347921,0.996111111111111,0.543333333333333,0.877845777233782,1793,2285,489
0.00504540867810293,1.25,0.830861909175162,0.996111111111111,0.402222222222222,0.906013137948459,1793,2158,362
0.00504540867810293,1.5,0.934827945776851,0.996111111111111,0.138888888888889,0.964497041420118,1793,1918,125
0.00504540867810293,1.75,0.979759299781182,0.995,0.0411111111111111,0.987320837927233,1791,1828,37
0.00504540867810293,2,0.988931931377975,0.992777777777778,0.0222222222222222,0.990851122816745,1787,1807,20
0.00504540867810293,2.5,0.997192588433464,0.986666666666667,0.00555555555555556,0.991901703434795,1776,1781,5
0.00504540867810293,3,0.998305084745763,0.981666666666667,0.00333333333333333,0.989915966386555,1767,1770,3
0.00504540867810293,4,1,0.97,0,0.984771573604061,1746,1746,0
0.00504540867810293,5,1,0.946666666666667,0,0.972602739726027,1704,1704,0
0.00504540867810293,7,1,0.895,0,0.944591029023747,1611,1611,0
0.00504540867810293,10,1,0.812222222222222,0,0.896382587369712,1462,1462,0
0.0052557694708561,1,0.687619777692603,0.996666666666667,0.898888888888889,0.813789975051032,1794,2609,809
0.0052557694708561,1.1,0.789520035226772,0.996111111111111,0.527777777777778,0.880864652419553,1793,2271,475
0.0052557694708561,1.25,0.836287313432836,0.996111111111111,0.386666666666667,0.909229208924949,1793,2144,348
0.0052557694708561,1.5,0.934827945776851,0.996111111111111,0.138888888888889,0.964497041420118,1793,1918,125
0.0052557694708561,1.75,0.979759299781182,0.995,0.0411111111111111,0.987320837927233,1791,1828,37
0.0052557694708561,2,0.988931931377975,0.992777777777778,0.0222222222222222,0.990851122816745,1787,1807,20
0.0052557694708561,2.5,0.997192588433464,0.986666666666667,0.00555555555555556,0.991901703434795,1776,1781,5
0.0052557694708561,3,0.998305084745763,0.981666666666667,0.00333333333333333,0.989915966386555,1767,1770,3
0.0052557694708561,4,1,0.97,0,0.984771573604061,1746,1746,0
0.0052557694708561,5,1,0.946666666666667,0,0.972602739726027,1704,1704,0
0.0052557694708561,7,1,0.895,0,0.944591029023747,1611,1611,0
0.0052557694708561,10,1,0.812222222222222,0,0.896382587369712,1462,1462,0
0.00542789204399814,1,0.693467336683417,0.996666666666667,0.874444444444444,0.817870982448142,1794,2587,787
0.00542789204399814,1.1,0.792661361626879,0.996111111111111,0.517777777777778,0.882816346627277,1793,2262,466
0.00542789204399814,1.25,0.839419475655431,0.996111111111111,0.377777777777778,0.911077235772358,1793,2136,340
0.00542789204399814,1.5,0.934827945776851,0.996111111111111,0.138888888888889,0.964497041420118,1793,1918,125
0.00542789204399814,1.75,0.979759299781182,0.995,0.0411111111111111,0.987320837927233,1791,1828,37
0.00542789204399814,2,0.988931931377975,0.992777777777778,0.0222222222222222,0.990851122816745,1787,1807,20
0.00542789204399814,2.5,0.997192588433464,0.986666666666667,0.00555555555555556,0.991901703434795,1776,1781,5
0.00542789204399814,3,0.998305084745763,0.981666666666667,0.00333333333333333,0.989915966386555,1767,1770,3
0.00542789204399814,4,1,0.97,0,0.984771573604061,1746,1746,0
0.00542789204399814,5,1,0.946666666666667,0,0.972602739726027,1704,1704,0
0.00542789204399814,7,1,0.895,0,0.944591029023747,1611,1611,0
0.00542789204399814,10,1,0.812222222222222,0,0.896382587369712,1462,1462,0
0.00565345970140338,1,0.699687987519501,0.996666666666667,0.848888888888889,0.82218148487626,1794,2564,764
0.00565345970140338,1.1,0.79547471162378,0.996111111111111,0.508888888888889,0.884558460779477,1793,2254,458
0.00565345970140338,1.25,0.841389019239793,0.996111111111111,0.372222222222222,0.912236072246248,1793,2131,335
0.00565345970140338,1.5,0.936292428198433,0.996111111111111,0.135555555555556,0.965275908479139,1793,1915,122
0.00565345970140338,1.75,0.979759299781182,0.995,0.0411111111111111,0.987320837927233,1791,1828,37
0.00565345970140338,2,0.988931931377975,0.992777777777778,0.0222222222222222,0.990851122816745,1787,1807,20
0.00565345970140338,2.5,0.997192588433464,0.986666666666667,0.00555555555555556,0.991901703434795,1776,1781,5
0.00565345970140338,3,0.998305084745763,0.981666666666667,0.00333333333333333,0.989915966386555,1767,1770,3
0.00565345970140338,4,1,0.97,0,0.984771573604061,1746,1746,0
0.00565345970140338,5,1,0.946666666666667,0,0.972602739726027,1704,1704,0
0.00565345970140338,7,1,0.895,0,0.944591029023747,1611,1611,0
0.00565345970140338,10,1,0.812222222222222,0,0.896382587369712,1462,1462,0
0.00591715976331361,1,0.705743509047994,0.996666666666667,0.824444444444444,0.826347305389222,1794,2542,742
0.00591715976331361,1.1,0.799019607843137,0.996111111111111,0.497777777777778,0.886745796241345,1793,2244,448
0.00591715976331361,1.25,0.842179426961015,0.996111111111111,0.37,0.912700432680071,1793,2129,333
0.00591715976331361,1.5,0.937271301620491,0.996111111111111,0.133333333333333,0.96579585241045,1793,1913,120
0.00591715976331361,1.75,0.979759299781182,0.995,0.0411111111111111,0.987320837927233,1791,1828,37
0.00591715976331361,2,0.988931931377975,0.992777777777778,0.0222222222222222,0.990851122816745,1787,1807,20
0.00591715976331361,2.5,0.997192588433464,0.986666666666667,0.00555555555555556,0.991901703434795,1776,1781,5
0.00591715976331361,3,0.998305084745763,0.981666666666667,0.00333333333333333,0.989915966386555,1767,1770,3
0.00591715976331361,4,1,0.97,0,0.984771573604061,1746,1746,0
0.00591715976331361,5,1,0.946666666666667,0,0.972602739726027,1704,1704,0
0.00591715976331361,7,1,0.895,0,0.944591029023747,1611,1611,0
0.00591715976331361,10,1,0.812222222222222,0,0.896382587369712,1462,1462,0
0.00614451014249115,1,0.712187375942834,0.996666666666667,0.798888888888889,0.830747858300533,1794,2519,719
0.00614451014249115,1.1,0.801878354203936,0.996111111111111,0.488888888888889,0.888503468780971,1793,2236,440
0.00614451014249115,1.25,0.842575187969925,0.996111111111111,0.368888888888889,0.912932790224033,1793,2128,332
0.00614451014249115,1.5,0.937761506276151,0.996111111111111,0.132222222222222,0.966056034482759,1793,1912,119
0.00614451014249115,1.75,0.979759299781182,0.995,0.0411111111111111,0.987320837927233,1791,1828,37
0.00614451014249115,2,0.988931931377975,0.992777777777778,0.0222222222222222,0.990851122816745,1787,1807,20
0.00614451014249115,2.5,0.997192588433464,0.986666666666667,0.00555555555555556,0.991901703434795,1776,1781,5
0.00614451014249115,3,0.998305084745763,0.981666666666667,0.00333333333333333,0.989915966386555,1767,1770,3
0.00614451014249115,4,1,0.97,0,0.984771573604061,1746,1746,0
0.00614451014249115,5,1,0.946666666666667,0,0.972602739726027,1704,1704,0
0.00614451014249115,7,1,0.895,0,0.944591029023747,1611,1611,0
0.00614451014249115,10,1,0.812222222222222,0,0.896382587369712,1462,1462,0
0.00635255232036317,1,0.71875,0.996666666666667,0.773333333333333,0.835195530726257,1794,2496,696
0.00635255232036317,1.1,0.807657657657658,0.996111111111111,0.471111111111111,0.892039800995025,1793,2220,424
0.00635255232036317,1.25,0.844559585492228,0.996111111111111,0.363333333333333,0.914096354830487,1793,2123,327
0.00635255232036317,1.5,0.939727463312369,0.996111111111111,0.127777777777778,0.967098166127292,1793,1908,115
0.00635255232036317,1.75,0.979759299781182,0.995,0.0411111111111111,0.987320837927233,1791,1828,37
0.00635255232036317,2,0.988931931377975,0.992777777777778,0.0222222222222222,0.990851122816745,1787,1807,20
0.00635255232036317,2.5,0.997192588433464,0.986666666666667,0.00555555555555556,0.991901703434795,1776,1781,5
0.00635255232036317,3,0.998305084745763,0.981666666666667,0.00333333333333333,0.989915966386555,1767,1770,3
0.00635255232036317,4,1,0.97,0,0.984771573604061,1746,1746,0
0.00635255232036317,5,1,0.946666666666667,0,0.972602739726027,1704,1704,0
0.00635255232036317,7,1,0.895,0,0.944591029023747,1611,1611,0
0.00635255232036317,10,1,0.812222222222222,0,0.896382587369712,1462,1462,0
0.00660684491214954,1,0.72543469470279,0.996666666666667,0.747777777777778,0.839691083547859,1794,2473,673
0.00660684491214954,1.1,0.812415043044857,0.996111111111111,0.456666666666667,0.894933865734964,1793,2207,411
0.00660684491214954,1.25,0.846153846153846,0.996111111111111,0.358888888888889,0.915029344220464,1793,2119,323
0.00660684491214954,1.5,0.940220241216571,0.996111111111111,0.126666666666667,0.967359050445104,1793,1907,114
0.00660684491214954,1.75,0.979759299781182,0.995,0.0411111111111111,0.987320837927233,1791,1828,37
0.00660684491214954,2,0.988931931377975,0.992777777777778,0.0222222222222222,0.990851122816745,1787,1807,20
0.00660684491214954,2.5,0.997192588433464,0.986666666666667,0.00555555555555556,0.991901703434795,1776,1781,5
0.00660684491214954,3,0.998305084745763,0.981666666666667,0.00333333333333333,0.989915966386555,1767,1770,3
0.00660684491214954,4,1,0.97,0,0.984771573604061,1746,1746,0
0.00660684491214954,5,1,0.946666666666667,0,0.972602739726027,1704,1704,0
0.00660684491214954,7,1,0.895,0,0.944591029023747,1611,1611,0
0.00660684491214954,10,1,0.812222222222222,0,0.896382587369712,1462,1462,0
0.0067891522356734,1,0.731946144430845,0.996666666666667,0.723333333333333,0.844036697247706,1794,2451,651
0.0067891522356734,1.1,0.817228805834093,0.996111111111111,0.442222222222222,0.897846770155233,1793,2194,398
0.0067891522356734,1.25,0.846953235710912,0.996111111111111,0.356666666666667,0.91549655348481,1793,2117,321
0.0067891522356734,1.5,0.941207349081365,0.996111111111111,0.124444444444444,0.967881241565452,1793,1905,112
0.0067891522356734,1.75,0.979759299781182,0.995,0.0411111111111111,0.987320837927233,1791,1828,37
0.0067891522356734,2,0.988931931377975,0.992777777777778,0.0222222222222222,0.990851122816745,1787,1807,20
0.0067891522356734,2.5,0.997192588433464,0.986666666666667,0.00555555555555556,0.991901703434795,1776,1781,5
0.0067891522356734,3,0.998305084745763,0.981666666666667,0.00333333333333333,0.989915966386555,1767,1770,3
0.0067891522356734,4,1,0.97,0,0.984771573604061,1746,1746,0
0.0067891522356734,5,1,0.946666666666667,0,0.972602739726027,1704,1704,0
0.0067891522356734,7,1,0.895,0,0.944591029023747,1611,1611,0
0.0067891522356734,10,1,0.812222222222222,0,0.896382587369712,1462,1462,0
0.00702985170390875,1,0.738879736408567,0.996666666666667,0.697777777777778,0.848628192999054,1794,2428,628
0.00702985170390875,1.1,0.822477064220184,0.996111111111111,0.426666666666667,0.901005025125628,1793,2180,384
0.00702985170390875,1.25,0.848155156102176,0.996111111111111,0.353333333333333,0.916198262646909,1793,2114,318
0.00702985170390875,1.5,0.942691903259727,0.996111111111111,0.121111111111111,0.968665586169638,1793,1902,109
0.00702985170390875,1.75,0.980832420591457,0.995,0.0388888888888889,0.987865416436845,1791,1826,35
0.00702985170390875,2,0.988931931377975,0.992777777777778,0.0222222222222222,0.990851122816745,1787,1807,20
0.00702985170390875,2.5,0.997192588433464,0.986666666666667,0.00555555555555556,0.991901703434795,1776,1781,5
0.00702985170390875,3,0.998305084745763,0.981666666666667,0.00333333333333333,0.989915966386555,1767,1770,3
0.00702985170390875,4,1,0.97,0,0.984771573604061,1746,1746,0
0.00702985170390875,5,1,0.946666666666667,0,0.972602739726027,1704,1704,0
0.00702985170390875,7,1,0.895,0,0.944591029023747,1611,1611,0
0.00702985170390875,10,1,0.812222222222222,0,0.896382587369712,1462,1462,0
0.00750699015658401,1,0.745945945945946,0.996666666666667,0.672222222222222,0.853269916765755,1794,2405,605
0.00750699015658401,1.1,0.82741116751269,0.996111111111111,0.412222222222222,0.903957650617595,1793,2167,371
0.00750699015658401,1.25,0.850972947318462,0.996111111111111,0.345555555555556,0.917839774763245,1793,2107,311
0.00750699015658401,1.5,0.944678609062171,0.996111111111111,0.116666666666667,0.969713358572201,1793,1898,105
0.00750699015658401,1.75,0.980832420591457,0.995,0.0388888888888889,0.987865416436845,1791,1826,35
0.00750699015658401,2,0.988931931377975,0.992777777777778,0.0222222222222222,0.990851122816745,1787,1807,20
0.00750699015658401,2.5,0.997192588433464,0.986666666666667,0.00555555555555556,0.991901703434795,1776,1781,5
0.00750699015658401,3,0.998305084745763,0.981666666666667,0.00333333333333333,0.989915966386555,1767,1770,3
0.00750699015658401,4,1,0.97,0,0.984771573604061,1746,1746,0
0.00750699015658401,5,1,0.946666666666667,0,0.972602739726027,1704,1704,0
0.00750699015658401,7,1,0.895,0,0.944591029023747,1611,1611,0
0.00750699015658401,10,1,0.812222222222222,0,0.896382587369712,1462,1462,0
0.00803212851405622,1,0.75251677852349,0.996666666666667,0.648888888888889,0.85755258126195,1794,2384,584
0.00803212851405622,1.1,0.830861909175162,0.996111111111111,0.402222222222222,0.906013137948459,1793,2158,362
0.00803212851405622,1.25,0.854623450905624,0.996111111111111,0.335555555555556,0.919958953309389,1793,2098,302
0.00803212851405622,1.5,0.946673706441394,0.996111111111111,0.112222222222222,0.970763400108284,1793,1894,101
0.00803212851405622,1.75,0.981907894736842,0.995,0.0366666666666667,0.98841059602649,1791,1824,33
0.00803212851405622,2,0.989479512735327,0.992777777777778,0.0211111111111111,0.991125901275652,1787,1806,19
0.00803212851405622,2.5,0.997192588433464,0.986666666666667,0.00555555555555556,0.991901703434795,1776,1781,5
0.00803212851405622,3,0.998305084745763,0.981666666666667,0.00333333333333333,0.989915966386555,1767,1770,3
0.00803212851405622,4,1,0.97,0,0.984771573604061,1746,1746,0
0.00803212851405622,5,1,0.946666666666667,0,0.972602739726027,1704,1704,0
0.00803212851405622,7,1,0.895,0,0.944591029023747,1611,1611,0
0.00803212851405622,10,1,0.812222222222222,0,0.896382587369712,1462,1462,0
0.00825593395252838,1,0.759847522236341,0.996666666666667,0.624444444444444,0.862292718096611,1794,2361,562
0.00825593395252838,1.1,0.835118770377271,0.996111111111111,0.39,0.908538130225488,1793,2147,351
0.00825593395252838,1.25,0.859127934834691,0.996111111111111,0.323333333333333,0.922562387445331,1793,2087,291
0.00825593395252838,1.5,0.947674418604651,0.996111111111111,0.11,0.971289274106175,1793,1892,99
0.00825593395252838,1.75,0.981907894736842,0.995,0.0366666666666667,0.98841059602649,1791,1824,33
0.00825593395252838,2,0.989479512735327,0.992777777777778,0.0211111111111111,0.991125901275652,1787,1806,19
0.00825593395252838,2.5,0.997192588433464,0.986666666666667,0.00555555555555556,0.991901703434795,1776,1781,5
0.00825593395252838,3,0.998305084745763,0.981666666666667,0.00333333333333333,0.989915966386555,1767,1770,3
0.00825593395252838,4,1,0.97,0,0.984771573604061,1746,1746,0
0.00825593395252838,5,1,0.946666666666667,0,0.972602739726027,1704,1704,0
0.00825593395252838,7,1,0.895,0,0.944591029023747,1611,1611,0
0.00825593395252838,10,1,0.812222222222222,0,0.896382587369712,1462,1462,0
0.00844461792440641,1,0.767222935387249,0.996111111111111,0.598888888888889,0.866811699299009,1793,2337,539
0.00844461792440641,1.1,0.839737582005623,0.995555555555556,0.376666666666667,0.911032028469751,1792,2134,339
0.00844461792440641,1.25,0.861952861952862,0.995555555555556,0.315555555555556,0.923949471513277,1792,2079,284
0.00844461792440641,1.5,0.949152542372881,0.995555555555556,0.106666666666667,0.971800433839479,1792,1888,96
0.00844461792440641,1.75,0.981897970378497,0.994444444444444,0.0366666666666667,0.988131382831907,1790,1823,33
0.00844461792440641,2,0.989473684210526,0.992222222222222,0.0211111111111111,0.990846047156727,1786,1805,19
0.00844461792440641,2.5,0.997192588433464,0.986666666666667,0.00555555555555556,0.991901703434795,1776,1781,5
0.00844461792440641,3,0.998305084745763,0.981666666666667,0.00333333333333333,0.989915966386555,1767,1770,3
0.00844461792440641,4,1,0.97,0,0.984771573604061,1746,1746,0
0.00844461792440641,5,1,0.946666666666667,0,0.972602739726027,1704,1704,0
0.00844461792440641,7,1,0.895,0,0.944591029023747,1611,1611,0
0.00844461792440641,10,1,0.812222222222222,0,0.896382587369712,1462,1462,0
0.00881057268722467,1,0.774179620034542,0.996111111111111,0.576666666666667,0.871234207968902,1793,2316,519
0.00881057268722467,1.1,0.844486333647502,0.995555555555556,0.364444444444444,0.913819479857216,1792,2122,328
0.00881057268722467,1.25,0.866956942428641,0.995555555555556,0.303333333333333,0.926816653736747,1792,2067,273
0.00881057268722467,1.5,0.950159066808059,0.995555555555556,0.104444444444444,0.972327726532827,1792,1886,94
0.00881057268722467,1.75,0.982976386600769,0.994444444444444,0.0344444444444444,0.988677161005247,1790,1821,31
0.00881057268722467,2,0.990022172949002,0.992222222222222,0.02,0.991120976692564,1786,1804,18
0.00881057268722467,2.5,0.997192588433464,0.986666666666667,0.00555555555555556,0.991901703434795,1776,1781,5
0.00881057268722467,3,0.998305084745763,0.981666666666667,0.00333333333333333,0.989915966386555,1767,1770,3
0.00881057268722467,4,1,0.97,0,0.984771573604061,1746,1746,0
0.00881057268722467,5,1,0.946666666666667,0,0.972602739726027,1704,1704,0
0.00881057268722467,7,1,0.895,0,0.944591029023747,1611,1611,0
0.00881057268722467,10,1,0.812222222222222,0,0.896382587369712,1462,1462,0
0.00920525007616849,1,0.782286212914485,0.996111111111111,0.55,0.876344086021505,1793,2292,495
0.00920525007616849,1.1,0.851306413301663,0.995555555555556,0.345555555555556,0.917797695262484,1792,2105,311
0.00920525007616849,1.25,0.873720136518771,0.995555555555556,0.285555555555556,0.930667359127499,1792,2051,257
0.00920525007616849,1.5,0.953191489361702,0.995555555555556,0.0977777777777778,0.973913043478261,1792,1880,88
0.00920525007616849,1.75,0.983516483516483,0.994444444444444,0.0333333333333333,0.988950276243094,1790,1820,30
0.00920525007616849,2,0.990022172949002,0.992222222222222,0.02,0.991120976692564,1786,1804,18
0.00920525007616849,2.5,0.997192588433464,0.986666666666667,0.00555555555555556,0.991901703434795,1776,1781,5
0.00920525007616849,3,0.998305084745763,0.981666666666667,0.00333333333333333,0.989915966386555,1767,1770,3
0.00920525007616849,4,1,0.97,0,0.984771573604061,1746,1746,0
0.00920525007616849,5,1,0.946666666666667,0,0.972602739726027,1704,1704,0
0.00920525007616849,7,1,0.895,0,0.944591029023747,1611,1611,0
0.00920525007616849,10,1,0.812222222222222,0,0.896382587369712,1462,1462,0
0.00943396226415094,1,0.788825340959085,0.996111111111111,0.528888888888889,0.880432113920943,1793,2273,476
0.00943396226415094,1.1,0.854554124940391,0.995555555555556,0.336666666666667,0.919681806517834,1792,2097,303
0.00943396226415094,1.25,0.877141458639256,0.995555555555556,0.276666666666667,0.932604735883424,1792,2043,249
0.00943396226415094,1.5,0.953698775944651,0.995555555555556,0.0966666666666667,0.9741777656972,1792,1879,87
0.00943396226415094,1.75,0.984057174271578,0.994444444444444,0.0322222222222222,0.989223542415032,1790,1819,29
0.00943396226415094,2,0.990022172949002,0.992222222222222,0.02,0.991120976692564,1786,1804,18
0.00943396226415094,2.5,0.997192588433464,0.986666666666667,0.00555555555555556,0.991901703434795,1776,1781,5
0.00943396226415094,3,0.998305084745763,0.981666666666667,0.00333333333333333,0.989915966386555,1767,1770,3
0.00943396226415094,4,1,0.97,0,0.984771573604061,1746,1746,0
0.00943396226415094,5,1,0.946666666666667,0,0.972602739726027,1704,1704,0
0.00943396226415094,7,1,0.895,0,0.944591029023747,1611,1611,0
0.00943396226415094,10,1,0.812222222222222,0,0.896382587369712,1462,1462,0
0.00992063492063492,1,0.797597864768683,0.996111111111111,0.501111111111111,0.885869565217391,1793,2248,451
0.00992063492063492,1.1,0.85947242206235,0.995555555555556,0.323333333333333,0.922522522522523,1792,2085,291
0.00992063492063492,1.25,0.882323978335795,0.995555555555556,0.263333333333333,0.935525972330984,1792,2031,237
0.00992063492063492,1.5,0.955223880597015,0.995555555555556,0.0933333333333333,0.974972796517954,1792,1876,84
0.00992063492063492,1.75,0.985140341221794,0.994444444444444,0.03,0.98977052806193,1790,1817,27
0.00992063492063492,2,0.990022172949002,0.992222222222222,0.02,0.991120976692564,1786,1804,18
0.00992063492063492,2.5,0.997192588433464,0.986666666666667,0.00555555555555556,0.991901703434795,1776,1781,5
0.00992063492063492,3,0.998305084745763,0.981666666666667,0.00333333333333333,0.989915966386555,1767,1770,3
0.00992063492063492,4,1,0.97,0,0.984771573604061,1746,1746,0
0.00992063492063492,5,1,0.946666666666667,0,0.972602739726027,1704,1704,0
0.00992063492063492,7,1,0.895,0,0.944591029023747,1611,1611,0
0.00992063492063492,10,1,0.812222222222222,0,0.896382587369712,1462,1462,0
0.0101935682623355,1,0.806205035971223,0.996111111111111,0.474444444444444,0.891153081510934,1793,2224,427
0.0101935682623355,1.1,0.865700483091787,0.995555555555556,0.306666666666667,0.92609819121447,1792,2070,276
0.0101935682623355,1.25,0.888888888888889,0.995555555555556,0.246666666666667,0.939203354297694,1792,2016,222
0.0101935682623355,1.5,0.955223880597015,0.995555555555556,0.0933333333333333,0.974972796517954,1792,1876,84
0.0101935682623355,1.75,0.985140341221794,0.994444444444444,0.03,0.98977052806193,1790,1817,27
0.0101935682623355,2,0.990022172949002,0.992222222222222,0.02,0.991120976692564,1786,1804,18
0.0101935682623355,2.5,0.997192588433464,0.986666666666667,0.00555555555555556,0.991901703434795,1776,1781,5
0.0101935682623355,3,0.998305084745763,0.981666666666667,0.00333333333333333,0.989915966386555,1767,1770,3
0.0101935682623355,4,1,0.97,0,0.984771573604061,1746,1746,0
0.0101935682623355,5,1,0.946666666666667,0,0.972602739726027,1704,1704,0
0.0101935682623355,7,1,0.895,0,0.944591029023747,1611,1611,0
0.0101935682623355,10,1,0.812222222222222,0,0.896382587369712,1462,1462,0
0.0106382978723404,1,0.814259763851044,0.996111111111111,0.45,0.896051974012994,1793,2202,405
0.0106382978723404,1.1,0.872444011684518,0.995555555555556,0.288888888888889,0.929942916450441,1792,2054,260
0.0106382978723404,1.25,0.896,0.995555555555556,0.228888888888889,0.943157894736842,1792,2000,206
0.0106382978723404,1.5,0.955733333333333,0.995555555555556,0.0922222222222222,0.975238095238095,1792,1875,83
0.0106382978723404,1.75,0.985140341221794,0.994444444444444,0.03,0.98977052806193,1790,1817,27
0.0106382978723404,2,0.990022172949002,0.992222222222222,0.02,0.991120976692564,1786,1804,18
0.0106382978723404,2.5,0.997192588433464,0.986666666666667,0.00555555555555556,0.991901703434795,1776,1781,5
0.0106382978723404,3,0.998305084745763,0.981666666666667,0.00333333333333333,0.989915966386555,1767,1770,3
0.0106382978723404,4,1,0.97,0,0.984771573604061,1746,1746,0
0.0106382978723404,5,1,0.946666666666667,0,0.972602739726027,1704,1704,0
0.0106382978723404,7,1,0.895,0,0.944591029023747,1611,1611,0
0.0106382978723404,10,1,0.812222222222222,0,0.896382587369712,1462,1462,0
0.0109409190371991,1,0.823232323232323,0.996111111111111,0.423333333333333,0.901458019105078,1793,2178,381
0.0109409190371991,1.1,0.87843137254902,0.995555555555556,0.273333333333333,0.933333333333333,1792,2040,246
0.0109409190371991,1.25,0.90186210367388,0.995555555555556,0.214444444444444,0.946395563770795,1792,1987,193
0.0109409190371991,1.5,0.955733333333333,0.995555555555556,0.0922222222222222,0.975238095238095,1792,1875,83
0.0109409190371991,1.75,0.985140341221794,0.994444444444444,0.03,0.98977052806193,1790,1817,27
0.0109409190371991,2,0.990022172949002,0.992222222222222,0.02,0.991120976692564,1786,1804,18
0.0109409190371991,2.5,0.997192588433464,0.986666666666667,0.00555555555555556,0.991901703434795,1776,1781,5
0.0109409190371991,3,0.998305084745763,0.981666666666667,0.00333333333333333,0.989915966386555,1767,1770,3
0.0109409190371991,4,1,0.97,0,0.984771573604061,1746,1746,0
0.0109409190371991,5,1,0.946666666666667,0,0.972602739726027,1704,1704,0
0.0109409190371991,7,1,0.895,0,0.944591029023747,1611,1611,0
0.0109409190371991,10,1,0.812222222222222,0,0.896382587369712,1462,1462,0
0.0112781954887218,1,0.831247102457116,0.996111111111111,0.4,0.906242102602982,1793,2157,360
0.0112781954887218,1.1,0.882758620689655,0.995555555555556,0.262222222222222,0.935770234986945,1792,2030,236
0.0112781954887218,1.25,0.905507832238504,0.995555555555556,0.205555555555556,0.948399047367028,1792,1979,185
0.0112781954887218,1.5,0.955733333333333,0.995555555555556,0.0922222222222222,0.975238095238095,1792,1875,83
0.0112781954887218,1.75,0.985140341221794,0.994444444444444,0.03,0.98977052806193,1790,1817,27
0.0112781954887218,2,0.990022172949002,0.992222222222222,0.02,0.991120976692564,1786,1804,18
0.0112781954887218,2.5,0.997192588433464,0.986666666666667,0.00555555555555556,0.991901703434795,1776,1781,5
0.0112781954887218,3,0.998305084745763,0.981666666666667,0.00333333333333333,0.989915966386555,1767,1770,3
0.0112781954887218,4,1,0.97,0,0.984771573604061,1746,1746,0
0.0112781954887218,5,1,0.946666666666667,0,0.972602739726027,1704,1704,0
0.0112781954887218,7,1,0.895,0,0.944591029023747,1611,1611,0
0.0112781954887218,10,1,0.812222222222222,0,0.896382587369712,1462,1462,0
0.01171106249877,1,0.840600093764651,0.996111111111111,0.373333333333333,0.911772184083397,1793,2133,336
0.01171106249877,1.1,0.885813148788927,0.995555555555556,0.254444444444444,0.937483651582527,1792,2023,229
0.01171106249877,1.25,0.907341772151899,0.995555555555556,0.201111111111111,0.949403973509934,1792,1975,181
0.01171106249877,1.5,0.95624332977588,0.995555555555556,0.0911111111111111,0.97550353837779,1792,1874,82
0.01171106249877,1.75,0.985140341221794,0.994444444444444,0.03,0.98977052806193,1790,1817,27
0.01171106249877,2,0.990022172949002,0.992222222222222,0.02,0.991120976692564,1786,1804,18
0.01171106249877,2.5,0.997192588433464,0.986666666666667,0.00555555555555556,0.991901703434795,1776,1781,5
0.01171106249877,3,0.998305084745763,0.981666666666667,0.00333333333333333,0.989915966386555,1767,1770,3
0.01171106249877,4,1,0.97,0,0.984771573604061,1746,1746,0
0.01171106249877,5,1,0.946666666666667,0,0.972602739726027,1704,1704,0
0.01171106249877,7,1,0.895,0,0.944591029023747,1611,1611,0
0.01171106249877,10,1,0.812222222222222,0,0.896382587369712,1462,1462,0
0.0121048392019465,1,0.849360492657508,0.996111111111111,0.348888888888889,0.916901048325236,1793,2111,314
0.0121048392019465,1.1,0.891098955743411,0.995555555555556,0.241111111111111,0.94043558121228,1792,2011,217
0.0121048392019465,1.25,0.911032028469751,0.995555555555556,0.192222222222222,0.951420228298381,1792,1967,173
0.0121048392019465,1.5,0.957264957264957,0.995555555555556,0.0888888888888889,0.9760348583878,1792,1872,80
0.0121048392019465,1.75,0.98568281938326,0.994444444444444,0.0288888888888889,0.990044247787611,1790,1816,26
0.0121048392019465,2,0.99057127010538,0.992222222222222,0.0188888888888889,0.991396058839856,1786,1803,17
0.0121048392019465,2.5,0.997192588433464,0.986666666666667,0.00555555555555556,0.991901703434795,1776,1781,5
0.0121048392019465,3,0.998305084745763,0.981666666666667,0.00333333333333333,0.989915966386555,1767,1770,3
0.0121048392019465,4,1,0.97,0,0.984771573604061,1746,1746,0
0.0121048392019465,5,1,0.946666666666667,0,0.972602739726027,1704,1704,0
0.0121048392019465,7,1,0.895,0,0.944591029023747,1611,1611,0
0.0121048392019465,10,1,0.812222222222222,0,0.896382587369712,1462,1462,0
0.0124674378660085,1,0.858716475095785,0.996111111111111,0.324444444444444,0.922325102880658,1793,2088,292
0.0124674378660085,1.1,0.894658012980529,0.995555555555556,0.232222222222222,0.942413883775966,1792,2003,209
0.0124674378660085,1.25,0.913819479857216,0.995555555555556,0.185555555555556,0.952938048391385,1792,1961,167
0.0124674378660085,1.5,0.957776590058792,0.995555555555556,0.0877777777777778,0.976300735494416,1792,1871,79
0.0124674378660085,1.75,0.98568281938326,0.994444444444444,0.0288888888888889,0.990044247787611,1790,1816,26
0.0124674378660085,2,0.99057127010538,0.992222222222222,0.0188888888888889,0.991396058839856,1786,1803,17
0.0124674378660085,2.5,0.997192588433464,0.986666666666667,0.00555555555555556,0.991901703434795,1776,1781,5
0.0124674378660085,3,0.998305084745763,0.981666666666667,0.00333333333333333,0.989915966386555,1767,1770,3
0.0124674378660085,4,1,0.97,0,0.984771573604061,1746,1746,0
0.0124674378660085,5,1,0.946666666666667,0,0.972602739726027,1704,1704,0
0.0124674378660085,7,1,0.895,0,0.944591029023747,1611,1611,0
0.0124674378660085,10,1,0.812222222222222,0,0.896382587369712,1462,1462,0
0.0128918865556292,1,0.868280871670702,0.996111111111111,0.298888888888889,0.927813712807245,1793,2065,269
0.0128918865556292,1.1,0.899598393574297,0.995555555555556,0.22,0.945147679324895,1792,1992,198
0.0128918865556292,1.25,0.917562724014337,0.995555555555556,0.176666666666667,0.954969357847056,1792,1953,159
0.0128918865556292,1.5,0.960342979635584,0.995555555555556,0.0822222222222222,0.977632296781233,1792,1866,74
0.0128918865556292,1.75,0.98568281938326,0.994444444444444,0.0288888888888889,0.990044247787611,1790,1816,26
0.0128918865556292,2,0.99057127010538,0.992222222222222,0.0188888888888889,0.991396058839856,1786,1803,17
0.0128918865556292,2.5,0.997192588433464,0.986666666666667,0.00555555555555556,0.991901703434795,1776,1781,5
0.0128918865556292,3,0.998305084745763,0.981666666666667,0.00333333333333333,0.989915966386555,1767,1770,3
0.0128918865556292,4,1,0.97,0,0.984771573604061,1746,1746,0
0.0128918865556292,5,1,0.946666666666667,0,0.972602739726027,1704,1704,0
0.0128918865556292,7,1,0.895,0,0.944591029023747,1611,1611,0
0.0128918865556292,10,1,0.812222222222222,0,0.896382587369712,1462,1462,0
0.0135135135135135,1,0.876344086021505,0.996111111111111,0.277777777777778,0.932397295891836,1793,2046,250
0.0135135135135135,1.1,0.904593639575972,0.995555555555556,0.207777777777778,0.947897381645067,1792,1981,187
0.0135135135135135,1.25,0.920390344119158,0.995555555555556,0.17,0.956498532159061,1792,1947,153
0.0135135135135135,1.5,0.960857908847185,0.995555555555556,0.0811111111111111,0.977899045020464,1792,1865,73
0.0135135135135135,1.75,0.98568281938326,0.994444444444444,0.0288888888888889,0.990044247787611,1790,1816,26
0.0135135135135135,2,0.99057127010538,0.992222222222222,0.0188888888888889,0.991396058839856,1786,1803,17
0.0135135135135135,2.5,0.997192588433464,0.986666666666667,0.00555555555555556,0.991901703434795,1776,1781,5
0.0135135135135135,3,0.998305084745763,0.981666666666667,0.00333333333333333,0.989915966386555,1767,1770,3
0.0135135135135135,4,1,0.97,0,0.984771573604061,1746,1746,0
0.0135135135135135,5,1,0.946666666666667,0,0.972602739726027,1704,1704,0
0.0135135135135135,7,1,0.895,0,0.944591029023747,1611,1611,0
0.0135135135135135,10,1,0.812222222222222,0,0.896382587369712,1462,1462,0
0.0139543768434787,1,0.887623762376238,0.996111111111111,0.25,0.938743455497382,1793,2020,225
0.0139543768434787,1.1,0.910569105691057,0.995555555555556,0.193333333333333,0.951167728237792,1792,1968,174
0.0139543768434787,1.25,0.925141972121838,0.995555555555556,0.158888888888889,0.959058067968959,1792,1937,143
0.0139543768434787,1.5,0.962406015037594,0.995555555555556,0.0777777777777778,0.978700163844893,1792,1862,70
0.0139543768434787,1.75,0.986225895316804,0.994444444444444,0.0277777777777778,0.990318118948824,1790,1815,25
0.0139543768434787,2,0.99057127010538,0.992222222222222,0.0188888888888889,0.991396058839856,1786,1803,17
0.0139543768434787,2.5,0.997192588433464,0.986666666666667,0.00555555555555556,0.991901703434795,1776,1781,5
0.0139543768434787,3,0.998305084745763,0.981666666666667,0.00333333333333333,0.989915966386555,1767,1770,3
0.0139543768434787,4,1,0.97,0,0.984771573604061,1746,1746,0
0.0139543768434787,5,1,0.946666666666667,0,0.972602739726027,1704,1704,0
0.0139543768434787,7,1,0.895,0,0.944591029023747,1611,1611,0
0.0139543768434787,10,1,0.812222222222222,0,0.896382587369712,1462,1462,0
0.0145010794831767,1,0.897846770155233,0.996111111111111,0.224444444444444,0.944429813010271,1793,1997,202
0.0145010794831767,1.1,0.917562724014337,0.995555555555556,0.176666666666667,0.954969357847056,1792,1953,159
0.0145010794831767,1.25,0.930425752855659,0.995555555555556,0.146666666666667,0.961889425657542,1792,1926,132
0.0145010794831767,1.5,0.963440860215054,0.995555555555556,0.0755555555555556,0.979234972677596,1792,1860,68
0.0145010794831767,1.75,0.986225895316804,0.994444444444444,0.0277777777777778,0.990318118948824,1790,1815,25
0.0145010794831767,2,0.99057127010538,0.992222222222222,0.0188888888888889,0.991396058839856,1786,1803,17
0.0145010794831767,2.5,0.997192588433464,0.986666666666667,0.00555555555555556,0.991901703434795,1776,1781,5
0.0145010794831767,3,0.998305084745763,0.981666666666667,0.00333333333333333,0.989915966386555,1767,1770,3
0.0145010794831767,4,1,0.97,0,0.984771573604061,1746,1746,0
0.0145010794831767,5,1,0.946666666666667,0,0.972602739726027,1704,1704,0
0.0145010794831767,7,1,0.895,0,0.944591029023747,1611,1611,0
0.0145010794831767,10,1,0.812222222222222,0,0.896382587369712,1462,1462,0
0.0158140183757886,1,0.907341772151899,0.995555555555556,0.202222222222222,0.949403973509934,1792,1975,182
0.0158140183757886,1.1,0.92319587628866,0.995,0.164444444444444,0.957754010695187,1791,1940,148
0.0158140183757886,1.25,0.934759916492693,0.995,0.137777777777778,0.963939720129171,1791,1916,124
0.0158140183757886,1.5,0.963939720129171,0.995,0.0744444444444444,0.979223619464188,1791,1858,67
0.0158140183757886,1.75,0.986218302094818,0.993888888888889,0.0277777777777778,0.990038738240177,1789,1814,25
0.0158140183757886,2,0.990566037735849,0.991666666666667,0.0188888888888889,0.991116046640755,1785,1802,17
0.0158140183757886,2.5,0.997192588433464,0.986666666666667,0.00555555555555556,0.991901703434795,1776,1781,5
0.0158140183757886,3,0.998305084745763,0.981666666666667,0.00333333333333333,0.989915966386555,1767,1770,3
0.0158140183757886,4,1,0.97,0,0.984771573604061,1746,1746,0
0.0158140183757886,5,1,0.946666666666667,0,0.972602739726027,1704,1704,0
0.0158140183757886,7,1,0.895,0,0.944591029023747,1611,1611,0
0.0158140183757886,10,1,0.812222222222222,0,0.896382587369712,1462,1462,0
0.0165016501650165,1,0.916581371545548,0.995,0.181111111111111,0.954182205647309,1791,1954,163
0.0165016501650165,1.1,0.929423975090815,0.995,0.151111111111111,0.961094714247384,1791,1927,136
0.0165016501650165,1.25,0.940651260504202,0.995,0.125555555555556,0.967062634989201,1791,1904,113
0.0165016501650165,1.5,0.964458804523425,0.995,0.0733333333333333,0.979491386382281,1791,1857,66
0.0165016501650165,1.75,0.986218302094818,0.993888888888889,0.0277777777777778,0.990038738240177,1789,1814,25
0.0165016501650165,2,0.990566037735849,0.991666666666667,0.0188888888888889,0.991116046640755,1785,1802,17
0.0165016501650165,2.5,0.997192588433464,0.986666666666667,0.00555555555555556,0.991901703434795,1776,1781,5
0.0165016501650165,3,0.998305084745763,0.981666666666667,0.00333333333333333,0.989915966386555,1767,1770,3
0.0165016501650165,4,1,0.97,0,0.984771573604061,1746,1746,0
0.0165016501650165,5,1,0.946666666666667,0,0.972602739726027,1704,1704,0
0.0165016501650165,7,1,0.895,0,0.944591029023747,1611,1611,0
0.0165016501650165,10,1,0.812222222222222,0,0.896382587369712,1462,1462,0
0.0171325344146979,1,0.927941938828408,0.994444444444444,0.154444444444444,0.960042906945562,1790,1929,139
0.0171325344146979,1.1,0.937663698271346,0.994444444444444,0.132222222222222,0.965219735777838,1790,1909,119
0.0171325344146979,1.25,0.949098621420997,0.994444444444444,0.106666666666667,0.971242539338036,1790,1886,96
0.0171325344146979,1.5,0.966522678185745,0.994444444444444,0.0688888888888889,0.980284775465498,1790,1852,62
0.0171325344146979,1.75,0.986210700496415,0.993333333333333,0.0277777777777778,0.989759202878494,1788,1813,25
0.0171325344146979,2,0.990560799555802,0.991111111111111,0.0188888888888889,0.990835878922522,1784,1801,17
0.0171325344146979,2.5,0.997191011235955,0.986111111111111,0.00555555555555556,0.991620111731844,1775,1780,5
0.0171325344146979,3,0.998304126625212,0.981111111111111,0.00333333333333333,0.989632950406276,1766,1769,3
0.0171325344146979,4,1,0.969444444444444,0,0.984485190409027,1745,1745,0
0.0171325344146979,5,1,0.946666666666667,0,0.972602739726027,1704,1704,0
0.0171325344146979,7,1,0.895,0,0.944591029023747,1611,1611,0
0.0171325344146979,10,1,0.812222222222222,0,0.896382587369712,1462,1462,0
0.0180448020753818,1,0.938122705820661,0.993888888888889,0.131111111111111,0.965200971135689,1789,1907,118
0.0180448020753818,1.1,0.945060750132065,0.993888888888889,0.115555555555556,0.968860005415651,1789,1893,104
0.0180448020753818,1.25,0.95668449197861,0.993888888888889,0.09,0.974931880108992,1789,1870,81
0.0180448020753818,1.5,0.968597726042231,0.993888888888889,0.0644444444444444,0.981080340005484,1789,1847,58
0.0180448020753818,1.75,0.986203090507726,0.992777777777778,0.0277777777777778,0.989479512735327,1787,1812,25
0.0180448020753818,2,0.990555555555556,0.990555555555556,0.0188888888888889,0.990555555555556,1783,1800,17
0.0180448020753818,2.5,0.997189432265318,0.985555555555556,0.00555555555555556,0.991338362671137,1774,1779,5
0.0180448020753818,3,0.998303167420814,0.980555555555556,0.00333333333333333,0.989349775784753,1765,1768,3
0.0180448020753818,4,1,0.968888888888889,0,0.984198645598194,1744,1744,0
0.0180448020753818,5,1,0.946666666666667,0,0.972602739726027,1704,1704,0
0.0180448020753818,7,1,0.895,0,0.944591029023747,1611,1611,0
0.0180448020753818,10,1,0.812222222222222,0,0.896382587369712,1462,1462,0
0.0189567892804209,1,0.949575371549894,0.993888888888889,0.105555555555556,0.971226927252986,1789,1884,95
0.0189567892804209,1.1,0.954642475987193,0.993888888888889,0.0944444444444444,0.973870440936309,1789,1874,85
0.0189567892804209,1.25,0.965461413923367,0.993888888888889,0.0711111111111111,0.979468929646866,1789,1853,64
0.0189567892804209,1.5,0.974931880108992,0.993888888888889,0.0511111111111111,0.984319119669876,1789,1835,46
0.0189567892804209,1.75,0.986747653230259,0.992777777777778,0.0266666666666667,0.989753530877873,1787,1811,24
0.0189567892804209,2,0.991106170094497,0.990555555555556,0.0177777777777778,0.990830786329536,1783,1799,16
0.0189567892804209,2.5,0.997189432265318,0.985555555555556,0.00555555555555556,0.991338362671137,1774,1779,5
0.0189567892804209,3,0.998303167420814,0.980555555555556,0.00333333333333333,0.989349775784753,1765,1768,3
0.0189567892804209,4,1,0.968888888888889,0,0.984198645598194,1744,1744,0
0.0189567892804209,5,1,0.946666666666667,0,0.972602739726027,1704,1704,0
0.0189567892804209,7,1,0.895,0,0.944591029023747,1611,1611,0
0.0189567892804209,10,1,0.812222222222222,0,0.896382587369712,1462,1462,0
0.0197689626470868,1,0.961311123052123,0.993888888888889,0.08,0.977328598743513,1789,1861,72
0.0197689626470868,1.1,0.963381798599892,0.993888888888889,0.0755555555555556,0.978397593656002,1789,1857,68
0.0197689626470868,1.25,0.971226927252986,0.993888888888889,0.0588888888888889,0.982427237781439,1789,1842,53
0.0197689626470868,1.5,0.98027397260274,0.993888888888889,0.04,0.987034482758621,1789,1825,36
0.0197689626470868,1.75,0.988384955752212,0.992777777777778,0.0233333333333333,0.990576496674058,1787,1808,21
0.0197689626470868,2,0.992209237618253,0.990555555555556,0.0155555555555556,0.991381706978037,1783,1797,14
0.0197689626470868,2.5,0.997750281214848,0.985555555555556,0.00444444444444444,0.991615427613192,1774,1778,4
0.0197689626470868,3,0.998868138087153,0.980555555555556,0.00222222222222222,0.989627137650687,1765,1767,2
0.0197689626470868,4,1,0.968888888888889,0,0.984198645598194,1744,1744,0
0.0197689626470868,5,1,0.946666666666667,0,0.972602739726027,1704,1704,0
0.0197689626470868,7,1,0.895,0,0.944591029023747,1611,1611,0
0.0197689626470868,10,1,0.812222222222222,0,0.896382587369712,1462,1462,0
0.0212765957446809,1,0.971739130434783,0.993333333333333,0.0577777777777778,0.982417582417582,1788,1840,52
0.0212765957446809,1.1,0.971739130434783,0.993333333333333,0.0577777777777778,0.982417582417582,1788,1840,52
0.0212765957446809,1.25,0.978653530377668,0.993333333333333,0.0433333333333333,0.985938792390405,1788,1827,39
0.0212765957446809,1.5,0.985123966942149,0.993333333333333,0.03,0.989211618257261,1788,1815,27
0.0212765957446809,1.75,0.988925802879291,0.992222222222222,0.0222222222222222,0.99057127010538,1786,1806,20
0.0212765957446809,2,0.992761692650334,0.990555555555556,0.0144444444444444,0.991657397107898,1783,1796,13
0.0212765957446809,2.5,0.998311761395611,0.985555555555556,0.00333333333333333,0.991892647469947,1774,1777,3
0.0212765957446809,3,0.999433748584372,0.980555555555556,0.00111111111111111,0.989904655075715,1765,1766,1
0.0212765957446809,4,1,0.968888888888889,0,0.984198645598194,1744,1744,0
0.0212765957446809,5,1,0.946666666666667,0,0.972602739726027,1704,1704,0
0.0212765957446809,7,1,0.895,0,0.944591029023747,1611,1611,0
0.0212765957446809,10,1,0.812222222222222,0,0.896382587369712,1462,1462,0
0.022987742983302,1,0.984030837004405,0.992777777777778,0.0322222222222222,0.988384955752212,1787,1816,29
0.022987742983302,1.1,0.984030837004405,0.992777777777778,0.0322222222222222,0.988384955752212,1787,1816,29
0.022987742983302,1.25,0.986747653230259,0.992777777777778,0.0266666666666667,0.989753530877873,1787,1811,24
0.022987742983302,1.5,0.988931931377975,0.992777777777778,0.0222222222222222,0.990851122816745,1787,1807,20
0.022987742983302,1.75,0.991666666666667,0.991666666666667,0.0166666666666667,0.991666666666667,1785,1800,15
0.022987742983302,2,0.994419642857143,0.99,0.0111111111111111,0.992204899777283,1782,1792,10
0.022987742983302,2.5,0.998310810810811,0.985,0.00333333333333333,0.991610738255034,1773,1776,3
0.022987742983302,3,0.99943342776204,0.98,0.00111111111111111,0.989621318373071,1764,1765,1
0.022987742983302,4,1,0.968888888888889,0,0.984198645598194,1744,1744,0
0.022987742983302,5,1,0.946666666666667,0,0.972602739726027,1704,1704,0
0.022987742983302,7,1,0.895,0,0.944591029023747,1611,1611,0
0.022987742983302,10,1,0.812222222222222,0,0.896382587369712,1462,1462,0
0.0267175572519084,1,0.992753623188406,0.989444444444444,0.0144444444444444,0.991096271563717,1781,1794,13
0.0267175572519084,1.1,0.992753623188406,0.989444444444444,0.0144444444444444,0.991096271563717,1781,1794,13
0.0267175572519084,1.25,0.992753623188406,0.989444444444444,0.0144444444444444,0.991096271563717,1781,1794,13
0.0267175572519084,1.5,0.992753623188406,0.989444444444444,0.0144444444444444,0.991096271563717,1781,1794,13
0.0267175572519084,1.75,0.994410285075461,0.988333333333333,0.0111111111111111,0.991362496517136,1779,1789,10
0.0267175572519084,2,0.995518207282913,0.987222222222222,0.00888888888888889,0.991352859135286,1777,1785,8
0.0267175572519084,2.5,0.99830985915493,0.984444444444444,0.00333333333333333,0.991328671328671,1772,1775,3
0.0267175572519084,3,0.999433106575964,0.979444444444444,0.00111111111111111,0.989337822671156,1763,1764,1
0.0267175572519084,4,1,0.968888888888889,0,0.984198645598194,1744,1744,0
0.0267175572519084,5,1,0.946666666666667,0,0.972602739726027,1704,1704,0
0.0267175572519084,7,1,0.895,0,0.944591029023747,1611,1611,0
0.0267175572519084,10,1,0.812222222222222,0,0.896382587369712,1462,1462,0
0.0341806000750818,1,0.998870694522868,0.982777777777778,0.00222222222222222,0.990758891066928,1769,1771,2
0.0341806000750818,1.1,0.998870694522868,0.982777777777778,0.00222222222222222,0.990758891066928,1769,1771,2
0.0341806000750818,1.25,0.998870694522868,0.982777777777778,0.00222222222222222,0.990758891066928,1769,1771,2
0.0341806000750818,1.5,0.998870694522868,0.982777777777778,0.00222222222222222,0.990758891066928,1769,1771,2
0.0341806000750818,1.75,0.999434389140271,0.981666666666667,0.00111111111111111,0.990470852017937,1767,1768,1
0.0341806000750818,2,0.999434069043577,0.981111111111111,0.00111111111111111,0.990187832912812,1766,1767,1
0.0341806000750818,2.5,0.99943342776204,0.98,0.00111111111111111,0.989621318373071,1764,1765,1
0.0341806000750818,3,0.999431171786121,0.976111111111111,0.00111111111111111,0.987633501967398,1757,1758,1
0.0341806000750818,4,1,0.966111111111111,0,0.982763492512009,1739,1739,0
0.0341806000750818,5,1,0.944444444444444,0,0.971428571428571,1700,1700,0
0.0341806000750818,7,1,0.893333333333333,0,0.943661971830986,1608,1608,0
0.0341806000750818,10,1,0.812222222222222,0,0.896382587369712,1462,1462,0
0.0471247322458395,1,1,0.971111111111111,0,0.985343855693348,1748,1748,0
0.0471247322458395,1.1,1,0.971111111111111,0,0.985343855693348,1748,1748,0
0.0471247322458395,1.25,1,0.971111111111111,0,0.985343855693348,1748,1748,0
0.0471247322458395,1.5,1,0.971111111111111,0,0.985343855693348,1748,1748,0
0.0471247322458395,1.75,1,0.971111111111111,0,0.985343855693348,1748,1748,0
0.0471247322458395,2,1,0.971111111111111,0,0.985343855693348,1748,1748,0
0.0471247322458395,2.5,1,0.971111111111111,0,0.985343855693348,1748,1748,0
0.0471247322458395,3,1,0.968888888888889,0,0.984198645598194,1744,1744,0
0.0471247322458395,4,1,0.961666666666667,0,0.980458793542906,1731,1731,0
0.0471247322458395,5,1,0.942222222222222,0,0.97025171624714,1696,1696,0
0.0471247322458395,7,1,0.892222222222222,0,0.943041691133294,1606,1606,0
0.0471247322458395,10,1,0.812222222222222,0,0.896382587369712,1462,1462,0
0.0570081954329871,1,1,0.958333333333333,0,0.978723404255319,1725,1725,0
0.0570081954329871,1.1,1,0.958333333333333,0,0.978723404255319,1725,1725,0
0.0570081954329871,1.25,1,0.958333333333333,0,0.978723404255319,1725,1725,0
0.0570081954329871,1.5,1,0.958333333333333,0,0.978723404255319,1725,1725,0
0.0570081954329871,1.75,1,0.958333333333333,0,0.978723404255319,1725,1725,0
0.0570081954329871,2,1,0.958333333333333,0,0.978723404255319,1725,1725,0
0.0570081954329871,2.5,1,0.958333333333333,0,0.978723404255319,1725,1725,0
0.0570081954329871,3,1,0.956666666666667,0,0.977853492333901,1722,1722,0
0.0570081954329871,4,1,0.952222222222222,0,0.975526465566306,1714,1714,0
0.0570081954329871,5,1,0.934444444444444,0,0.966111430212522,1682,1682,0
0.0570081954329871,7,1,0.887222222222222,0,0.940241389461289,1597,1597,0
0.0570081954329871,10,1,0.808888888888889,0,0.894348894348894,1456,1456,0
0.0635044818591944,1,1,0.946111111111111,0,0.972309449043677,1703,1703,0
0.0635044818591944,1.1,1,0.946111111111111,0,0.972309449043677,1703,1703,0
0.0635044818591944,1.25,1,0.946111111111111,0,0.972309449043677,1703,1703,0
0.0635044818591944,1.5,1,0.946111111111111,0,0.972309449043677,1703,1703,0
0.0635044818591944,1.75,1,0.946111111111111,0,0.972309449043677,1703,1703,0
0.0635044818591944,2,1,0.946111111111111,0,0.972309449043677,1703,1703,0
0.0635044818591944,2.5,1,0.946111111111111,0,0.972309449043677,1703,1703,0
0.0635044818591944,3,1,0.945555555555556,0,0.972015990862364,1702,1702,0
0.0635044818591944,4,1,0.941111111111111,0,0.969662278191185,1694,1694,0
0.0635044818591944,5,1,0.925,0,0.961038961038961,1665,1665,0
0.0635044818591944,7,1,0.881111111111111,0,0.93679858239811,1586,1586,0
0.0635044818591944,10,1,0.804444444444444,0,0.891625615763547,1448,1448,0
0.0703661306071725,1,1,0.933333333333333,0,0.96551724137931,1680,1680,0
0.0703661306071725,1.1,1,0.933333333333333,0,0.96551724137931,1680,1680,0
0.0703661306071725,1.25,1,0.933333333333333,0,0.96551724137931,1680,1680,0
0.0703661306071725,1.5,1,0.933333333333333,0,0.96551724137931,1680,1680,0
0.0703661306071725,1.75,1,0.933333333333333,0,0.96551724137931,1680,1680,0
0.0703661306071725,2,1,0.933333333333333,0,0.96551724137931,1680,1680,0
0.0703661306071725,2.5,1,0.933333333333333,0,0.96551724137931,1680,1680,0
0.0703661306071725,3,1,0.932777777777778,0,0.965219890773211,1679,1679,0
0.0703661306071725,4,1,0.929444444444444,0,0.963432191189174,1673,1673,0
0.0703661306071725,5,1,0.913888888888889,0,0.955007256894049,1645,1645,0
0.0703661306071725,7,1,0.873888888888889,0,0.932700859768752,1573,1573,0
0.0703661306071725,10,1,0.800555555555556,0,0.889231718605369,1441,1441,0
0.0761205215454438,1,1,0.920555555555556,0,0.958634654324559,1657,1657,0
0.0761205215454438,1.1,1,0.920555555555556,0,0.958634654324559,1657,1657,0
0.0761205215454438,1.25,1,0.920555555555556,0,0.958634654324559,1657,1657,0
0.0761205215454438,1.5,1,0.920555555555556,0,0.958634654324559,1657,1657,0
0.0761205215454438,1.75,1,0.920555555555556,0,0.958634654324559,1657,1657,0
0.0761205215454438,2,1,0.920555555555556,0,0.958634654324559,1657,1657,0
0.0761205215454438,2.5,1,0.920555555555556,0,0.958634654324559,1657,1657,0
0.0761205215454438,3,1,0.920555555555556,0,0.958634654324559,1657,1657,0
0.0761205215454438,4,1,0.917222222222222,0,0.956824108953926,1651,1651,0
0.0761205215454438,5,1,0.905,0,0.950131233595801,1629,1629,0
0.0761205215454438,7,1,0.868333333333333,0,0.929527207850134,1563,1563,0
0.0761205215454438,10,1,0.797777777777778,0,0.887515451174289,1436,1436,0
0.0806711427419275,1,1,0.908333333333333,0,0.951965065502183,1635,1635,0
0.0806711427419275,1.1,1,0.908333333333333,0,0.951965065502183,1635,1635,0
0.0806711427419275,1.25,1,0.908333333333333,0,0.951965065502183,1635,1635,0
0.0806711427419275,1.5,1,0.908333333333333,0,0.951965065502183,1635,1635,0
0.0806711427419275,1.75,1,0.908333333333333,0,0.951965065502183,1635,1635,0
0.0806711427419275,2,1,0.908333333333333,0,0.951965065502183,1635,1635,0
0.0806711427419275,2.5,1,0.908333333333333,0,0.951965065502183,1635,1635,0
0.0806711427419275,3,1,0.908333333333333,0,0.951965065502183,1635,1635,0
0.0806711427419275,4,1,0.906111111111111,0,0.950743223549985,1631,1631,0
0.0806711427419275,5,1,0.895,0,0.944591029023747,1611,1611,0
0.0806711427419275,7,1,0.861666666666667,0,0.925693822739481,1551,1551,0
0.0806711427419275,10,1,0.793888888888889,0,0.885103747290183,1429,1429,0
0.0862500035765072,1,1,0.895555555555556,0,0.944900351699883,1612,1612,0
0.0862500035765072,1.1,1,0.895555555555556,0,0.944900351699883,1612,1612,0
0.0862500035765072,1.25,1,0.895555555555556,0,0.944900351699883,1612,1612,0
0.0862500035765072,1.5,1,0.895555555555556,0,0.944900351699883,1612,1612,0
0.0862500035765072,1.75,1,0.895555555555556,0,0.944900351699883,1612,1612,0
0.0862500035765072,2,1,0.895555555555556,0,0.944900351699883,1612,1612,0
0.0862500035765072,2.5,1,0.895555555555556,0,0.944900351699883,1612,1612,0
0.0862500035765072,3,1,0.895555555555556,0,0.944900351699883,1612,1612,0
0.0862500035765072,4,1,0.893888888888889,0,0.943971839249047,1609,1609,0
0.0862500035765072,5,1,0.885,0,0.938992042440318,1593,1593,0
0.0862500035765072,7,1,0.853888888888889,0,0.921186694635901,1537,1537,0
0.0862500035765072,10,1,0.789444444444444,0,0.88233467867122,1421,1421,0
0.0891510625876776,1,1,0.882777777777778,0,0.937739746237828,1589,1589,0
0.0891510625876776,1.1,1,0.882777777777778,0,0.937739746237828,1589,1589,0
0.0891510625876776,1.25,1,0.882777777777778,0,0.937739746237828,1589,1589,0
0.0891510625876776,1.5,1,0.882777777777778,0,0.937739746237828,1589,1589,0
0.0891510625876776,1.75,1,0.882777777777778,0,0.937739746237828,1589,1589,0
0.0891510625876776,2,1,0.882777777777778,0,0.937739746237828,1589,1589,0
0.0891510625876776,2.5,1,0.882777777777778,0,0.937739746237828,1589,1589,0
0.0891510625876776,3,1,0.882777777777778,0,0.937739746237828,1589,1589,0
0.0891510625876776,4,1,0.882222222222222,0,0.937426210153483,1588,1588,0
0.0891510625876776,5,1,0.875555555555556,0,0.933649289099526,1576,1576,0
0.0891510625876776,7,1,0.846111111111111,0,0.91664158892567,1523,1523,0
0.0891510625876776,10,1,0.784444444444444,0,0.87920298879203,1412,1412,0
0.0935991796619785,1,1,0.870555555555556,0,0.930798930798931,1567,1567,0
0.0935991796619785,1.1,1,0.870555555555556,0,0.930798930798931,1567,1567,0
0.0935991796619785,1.25,1,0.870555555555556,0,0.930798930798931,1567,1567,0
0.0935991796619785,1.5,1,0.870555555555556,0,0.930798930798931,1567,1567,0
0.0935991796619785,1.75,1,0.870555555555556,0,0.930798930798931,1567,1567,0
0.0935991796619785,2,1,0.870555555555556,0,0.930798930798931,1567,1567,0
0.0935991796619785,2.5,1,0.870555555555556,0,0.930798930798931,1567,1567,0
0.0935991796619785,3,1,0.870555555555556,0,0.930798930798931,1567,1567,0
0.0935991796619785,4,1,0.870555555555556,0,0.930798930798931,1567,1567,0
0.0935991796619785,5,1,0.866111111111111,0,0.928252456088122,1559,1559,0
0.0935991796619785,7,1,0.839444444444444,0,0.912715191784959,1511,1511,0
0.0935991796619785,10,1,0.781111111111111,0,0.877105427323768,1406,1406,0
0.0971271988053901,1,1,0.857777777777778,0,0.923444976076555,1544,1544,0
0.0971271988053901,1.1,1,0.857777777777778,0,0.923444976076555,1544,1544,0
0.0971271988053901,1.25,1,0.857777777777778,0,0.923444976076555,1544,1544,0
0.0971271988053901,1.5,1,0.857777777777778,0,0.923444976076555,1544,1544,0
0.0971271988053901,1.75,1,0.857777777777778,0,0.923444976076555,1544,1544,0
0.0971271988053901,2,1,0.857777777777778,0,0.923444976076555,1544,1544,0
0.0971271988053901,2.5,1,0.857777777777778,0,0.923444976076555,1544,1544,0
0.0971271988053901,3,1,0.857777777777778,0,0.923444976076555,1544,1544,0
0.0971271988053901,4,1,0.857777777777778,0,0.923444976076555,1544,1544,0
0.0971271988053901,5,1,0.856111111111111,0,0.922478299910206,1541,1541,0
0.0971271988053901,7,1,0.831111111111111,0,0.907766990291262,1496,1496,0
0.0971271988053901,10,1,0.776666666666667,0,0.874296435272045,1398,1398,0
0.101198820776908,1,1,0.845,0,0.915989159891599,1521,1521,0
0.101198820776908,1.1,1,0.845,0,0.915989159891599,1521,1521,0
0.101198820776908,1.25,1,0.845,0,0.915989159891599,1521,1521,0
0.101198820776908,1.5,1,0.845,0,0.915989159891599,1521,1521,0
0.101198820776908,1.75,1,0.845,0,0.915989159891599,1521,1521,0
0.101198820776908,2,1,0.845,0,0.915989159891599,1521,1521,0
0.101198820776908,2.5,1,0.845,0,0.915989159891599,1521,1521,0
0.101198820776908,3,1,0.845,0,0.915989159891599,1521,1521,0
0.101198820776908,4,1,0.845,0,0.915989159891599,1521,1521,0
0.101198820776908,5,1,0.843333333333333,0,0.91500904159132,1518,1518,0
0.101198820776908,7,1,0.821111111111111,0,0.901769371568029,1478,1478,0
0.101198820776908,10,1,0.768888888888889,0,0.869346733668342,1384,1384,0
0.104799882372501,1,1,0.832777777777778,0,0.90876023037284,1499,1499,0
0.104799882372501,1.1,1,0.832777777777778,0,0.90876023037284,1499,1499,0
0.104799882372501,1.25,1,0.832777777777778,0,0.90876023037284,1499,1499,0
0.104799882372501,1.5,1,0.832777777777778,0,0.90876023037284,1499,1499,0
0.104799882372501,1.75,1,0.832777777777778,0,0.90876023037284,1499,1499,0
0.104799882372501,2,1,0.832777777777778,0,0.90876023037284,1499,1499,0
0.104799882372501,2.5,1,0.832777777777778,0,0.90876023037284,1499,1499,0
0.104799882372501,3,1,0.832777777777778,0,0.90876023037284,1499,1499,0
0.104799882372501,4,1,0.832777777777778,0,0.90876023037284,1499,1499,0
0.104799882372501,5,1,0.831111111111111,0,0.907766990291262,1496,1496,0
0.104799882372501,7,1,0.810555555555556,0,0.895366676894753,1459,1459,0
0.104799882372501,10,1,0.761666666666667,0,0.864711447492905,1371,1371,0
0.109763369658818,1,1,0.82,0,0.901098901098901,1476,1476,0
0.109763369658818,1.1,1,0.82,0,0.901098901098901,1476,1476,0
0.109763369658818,1.25,1,0.82,0,0.901098901098901,1476,1476,0
0.109763369658818,1.5,1,0.82,0,0.901098901098901,1476,1476,0
0.109763369658818,1.75,1,0.82,0,0.901098901098901,1476,1476,0
0.109763369658818,2,1,0.82,0,0.901098901098901,1476,1476,0
0.109763369658818,2.5,1,0.82,0,0.901098901098901,1476,1476,0
0.109763369658818,3,1,0.82,0,0.901098901098901,1476,1476,0
0.109763369658818,4,1,0.82,0,0.901098901098901,1476,1476,0
0.109763369658818,5,1,0.818888888888889,0,0.900427611484423,1474,1474,0
0.109763369658818,7,1,0.801111111111111,0,0.889574336829118,1442,1442,0
0.109763369658818,10,1,0.756111111111111,0,0.861119898766213,1361,1361,0
0.11390110019727,1,1,0.807222222222222,0,0.893329234552721,1453,1453,0
0.11390110019727,1.1,1,0.807222222222222,0,0.893329234552721,1453,1453,0
0.11390110019727,1.25,1,0.807222222222222,0,0.893329234552721,1453,1453,0
0.11390110019727,1.5,1,0.807222222222222,0,0.893329234552721,1453,1453,0
0.11390110019727,1.75,1,0.807222222222222,0,0.893329234552721,1453,1453,0
0.11390110019727,2,1,0.807222222222222,0,0.893329234552721,1453,1453,0
0.11390110019727,2.5,1,0.807222222222222,0,0.893329234552721,1453,1453,0
0.11390110019727,3,1,0.807222222222222,0,0.893329234552721,1453,1453,0
0.11390110019727,4,1,0.807222222222222,0,0.893329234552721,1453,1453,0
0.11390110019727,5,1,0.806111111111111,0,0.892648415872039,1451,1451,0
0.11390110019727,7,1,0.791111111111111,0,0.883374689826303,1424,1424,0
0.11390110019727,10,1,0.750555555555556,0,0.857505553792447,1351,1351,0
0.119094872689222,1,1,0.795,0,0.885793871866295,1431,1431,0
0.119094872689222,1.1,1,0.795,0,0.885793871866295,1431,1431,0
0.119094872689222,1.25,1,0.795,0,0.885793871866295,1431,1431,0
0.119094872689222,1.5,1,0.795,0,0.885793871866295,1431,1431,0
0.119094872689222,1.75,1,0.795,0,0.885793871866295,1431,1431,0
0.119094872689222,2,1,0.795,0,0.885793871866295,1431,1431,0
0.119094872689222,2.5,1,0.795,0,0.885793871866295,1431,1431,0
0.119094872689222,3,1,0.795,0,0.885793871866295,1431,1431,0
0.119094872689222,4,1,0.795,0,0.885793871866295,1431,1431,0
0.119094872689222,5,1,0.793888888888889,0,0.885103747290183,1429,1429,0
0.119094872689222,7,1,0.780555555555556,0,0.876755070202808,1405,1405,0
0.119094872689222,10,1,0.743888888888889,0,0.853137942019752,1339,1339,0
0.123822347390817,1,1,0.782222222222222,0,0.877805486284289,1408,1408,0
0.123822347390817,1.1,1,0.782222222222222,0,0.877805486284289,1408,1408,0
0.123822347390817,1.25,1,0.782222222222222,0,0.877805486284289,1408,1408,0
0.123822347390817,1.5,1,0.782222222222222,0,0.877805486284289,1408,1408,0
0.123822347390817,1.75,1,0.782222222222222,0,0.877805486284289,1408,1408,0
0.123822347390817,2,1,0.782222222222222,0,0.877805486284289,1408,1408,0
0.123822347390817,2.5,1,0.782222222222222,0,0.877805486284289,1408,1408,0
0.123822347390817,3,1,0.782222222222222,0,0.877805486284289,1408,1408,0
0.123822347390817,4,1,0.782222222222222,0,0.877805486284289,1408,1408,0
0.123822347390817,5,1,0.781666666666667,0,0.877455565949485,1407,1407,0
0.123822347390817,7,1,0.770555555555556,0,0.870411044869783,1387,1387,0
0.123822347390817,10,1,0.736111111111111,0,0.848,1325,1325,0
0.128440366972477,1,1,0.77,0,0.870056497175141,1386,1386,0
0.128440366972477,1.1,1,0.77,0,0.870056497175141,1386,1386,0
0.128440366972477,1.25,1,0.77,0,0.870056497175141,1386,1386,0
0.128440366972477,1.5,1,0.77,0,0.870056497175141,1386,1386,0
0.128440366972477,1.75,1,0.77,0,0.870056497175141,1386,1386,0
0.128440366972477,2,1,0.77,0,0.870056497175141,1386,1386,0
0.128440366972477,2.5,1,0.77,0,0.870056497175141,1386,1386,0
0.128440366972477,3,1,0.77,0,0.870056497175141,1386,1386,0
0.128440366972477,4,1,0.77,0,0.870056497175141,1386,1386,0
0.128440366972477,5,1,0.77,0,0.870056497175141,1386,1386,0
0.128440366972477,7,1,0.760555555555556,0,0.863994951088672,1369,1369,0
0.128440366972477,10,1,0.728333333333333,0,0.84281581485053,1311,1311,0
0.132697155390214,1,1,0.757222222222222,0,0.861840025292444,1363,1363,0
0.132697155390214,1.1,1,0.757222222222222,0,0.861840025292444,1363,1363,0
0.132697155390214,1.25,1,0.757222222222222,0,0.861840025292444,1363,1363,0
0.132697155390214,1.5,1,0.757222222222222,0,0.861840025292444,1363,1363,0
0.132697155390214,1.75,1,0.757222222222222,0,0.861840025292444,1363,1363,0
0.132697155390214,2,1,0.757222222222222,0,0.861840025292444,1363,1363,0
0.132697155390214,2.5,1,0.757222222222222,0,0.861840025292444,1363,1363,0
0.132697155390214,3,1,0.757222222222222,0,0.861840025292444,1363,1363,0
0.132697155390214,4,1,0.757222222222222,0,0.861840025292444,1363,1363,0
0.132697155390214,5,1,0.757222222222222,0,0.861840025292444,1363,1363,0
0.132697155390214,7,1,0.748333333333333,0,0.856053384175405,1347,1347,0
0.132697155390214,10,1,0.718888888888889,0,0.836457659987072,1294,1294,0
0.13666550036243,1,1,0.744444444444444,0,0.853503184713376,1340,1340,0
0.13666550036243,1.1,1,0.744444444444444,0,0.853503184713376,1340,1340,0
0.13666550036243,1.25,1,0.744444444444444,0,0.853503184713376,1340,1340,0
0.13666550036243,1.5,1,0.744444444444444,0,0.853503184713376,1340,1340,0
0.13666550036243,1.75,1,0.744444444444444,0,0.853503184713376,1340,1340,0
0.13666550036243,2,1,0.744444444444444,0,0.853503184713376,1340,1340,0
0.13666550036243,2.5,1,0.744444444444444,0,0.853503184713376,1340,1340,0
0.13666550036243,3,1,0.744444444444444,0,0.853503184713376,1340,1340,0
0.13666550036243,4,1,0.744444444444444,0,0.853503184713376,1340,1340,0
0.13666550036243,5,1,0.744444444444444,0,0.853503184713376,1340,1340,0
0.13666550036243,7,1,0.736111111111111,0,0.848,1325,1325,0
0.13666550036243,10,1,0.71,0,0.830409356725146,1278,1278,0
0.139956721619946,1,1,0.731666666666667,0,0.845043310875842,1317,1317,0
0.139956721619946,1.1,1,0.731666666666667,0,0.845043310875842,1317,1317,0
0.139956721619946,1.25,1,0.731666666666667,0,0.845043310875842,1317,1317,0
0.139956721619946,1.5,1,0.731666666666667,0,0.845043310875842,1317,1317,0
0.139956721619946,1.75,1,0.731666666666667,0,0.845043310875842,1317,1317,0
0.139956721619946,2,1,0.731666666666667,0,0.845043310875842,1317,1317,0
0.139956721619946,2.5,1,0.731666666666667,0,0.845043310875842,1317,1317,0
0.139956721619946,3,1,0.731666666666667,0,0.845043310875842,1317,1317,0
0.139956721619946,4,1,0.731666666666667,0,0.845043310875842,1317,1317,0
0.139956721619946,5,1,0.731666666666667,0,0.845043310875842,1317,1317,0
0.139956721619946,7,1,0.725555555555556,0,0.840952994204765,1306,1306,0
0.139956721619946,10,1,0.700555555555556,0,0.82391375367527,1261,1261,0
0.144553676892444,1,1,0.719444444444444,0,0.836833602584814,1295,1295,0
0.144553676892444,1.1,1,0.719444444444444,0,0.836833602584814,1295,1295,0
0.144553676892444,1.25,1,0.719444444444444,0,0.836833602584814,1295,1295,0
0.144553676892444,1.5,1,0.719444444444444,0,0.836833602584814,1295,1295,0
0.144553676892444,1.75,1,0.719444444444444,0,0.836833602584814,1295,1295,0
0.144553676892444,2,1,0.719444444444444,0,0.836833602584814,1295,1295,0
0.144553676892444,2.5,1,0.719444444444444,0,0.836833602584814,1295,1295,0
0.144553676892444,3,1,0.719444444444444,0,0.836833602584814,1295,1295,0
0.144553676892444,4,1,0.719444444444444,0,0.836833602584814,1295,1295,0
0.144553676892444,5,1,0.719444444444444,0,0.836833602584814,1295,1295,0
0.144553676892444,7,1,0.714444444444444,0,0.833441348023331,1286,1286,0
0.144553676892444,10,1,0.691111111111111,0,0.817345597897503,1244,1244,0
0.148563579706976,1,1,0.706666666666667,0,0.828125,1272,1272,0
0.148563579706976,1.1,1,0.706666666666667,0,0.828125,1272,1272,0
0.148563579706976,1.25,1,0.706666666666667,0,0.828125,1272,1272,0
0.148563579706976,1.5,1,0.706666666666667,0,0.828125,1272,1272,0
0.148563579706976,1.75,1,0.706666666666667,0,0.828125,1272,1272,0
0.148563579706976,2,1,0.706666666666667,0,0.828125,1272,1272,0
0.148563579706976,2.5,1,0.706666666666667,0,0.828125,1272,1272,0
0.148563579706976,3,1,0.706666666666667,0,0.828125,1272,1272,0
0.148563579706976,4,1,0.706666666666667,0,0.828125,1272,1272,0
0.148563579706976,5,1,0.706666666666667,0,0.828125,1272,1272,0
0.148563579706976,7,1,0.702222222222222,0,0.825065274151436,1264,1264,0
0.148563579706976,10,1,0.682222222222222,0,0.8110964332893,1228,1228,0
0.152627819145183,1,1,0.693888888888889,0,0.819285011479173,1249,1249,0
0.152627819145183,1.1,1,0.693888888888889,0,0.819285011479173,1249,1249,0
0.152627819145183,1.25,1,0.693888888888889,0,0.819285011479173,1249,1249,0
0.152627819145183,1.5,1,0.693888888888889,0,0.819285011479173,1249,1249,0
0.152627819145183,1.75,1,0.693888888888889,0,0.819285011479173,1249,1249,0
0.152627819145183,2,1,0.693888888888889,0,0.819285011479173,1249,1249,0
0.152627819145183,2.5,1,0.693888888888889,0,0.819285011479173,1249,1249,0
0.152627819145183,3,1,0.693888888888889,0,0.819285011479173,1249,1249,0
0.152627819145183,4,1,0.693888888888889,0,0.819285011479173,1249,1249,0
0.152627819145183,5,1,0.693888888888889,0,0.819285011479173,1249,1249,0
0.152627819145183,7,1,0.69,0,0.816568047337278,1242,1242,0
0.152627819145183,10,1,0.672777777777778,0,0.804383925606111,1211,1211,0
0.157089214225183,1,1,0.681666666666667,0,0.810703666997027,1227,1227,0
0.157089214225183,1.1,1,0.681666666666667,0,0.810703666997027,1227,1227,0
0.157089214225183,1.25,1,0.681666666666667,0,0.810703666997027,1227,1227,0
0.157089214225183,1.5,1,0.681666666666667,0,0.810703666997027,1227,1227,0
0.157089214225183,1.75,1,0.681666666666667,0,0.810703666997027,1227,1227,0
0.157089214225183,2,1,0.681666666666667,0,0.810703666997027,1227,1227,0
0.157089214225183,2.5,1,0.681666666666667,0,0.810703666997027,1227,1227,0
0.157089214225183,3,1,0.681666666666667,0,0.810703666997027,1227,1227,0
0.157089214225183,4,1,0.681666666666667,0,0.810703666997027,1227,1227,0
0.157089214225183,5,1,0.681666666666667,0,0.810703666997027,1227,1227,0
0.157089214225183,7,1,0.677777777777778,0,0.80794701986755,1220,1220,0
0.157089214225183,10,1,0.661666666666667,0,0.796389167502508,1191,1191,0
0.160004642704114,1,1,0.668888888888889,0,0.801597869507324,1204,1204,0
0.160004642704114,1.1,1,0.668888888888889,0,0.801597869507324,1204,1204,0
0.160004642704114,1.25,1,0.668888888888889,0,0.801597869507324,1204,1204,0
0.160004642704114,1.5,1,0.668888888888889,0,0.801597869507324,1204,1204,0
0.160004642704114,1.75,1,0.668888888888889,0,0.801597869507324,1204,1204,0
0.160004642704114,2,1,0.668888888888889,0,0.801597869507324,1204,1204,0
0.160004642704114,2.5,1,0.668888888888889,0,0.801597869507324,1204,1204,0
0.160004642704114,3,1,0.668888888888889,0,0.801597869507324,1204,1204,0
0.160004642704114,4,1,0.668888888888889,0,0.801597869507324,1204,1204,0
0.160004642704114,5,1,0.668888888888889,0,0.801597869507324,1204,1204,0
0.160004642704114,7,1,0.666111111111111,0,0.799599866622207,1199,1199,0
0.160004642704114,10,1,0.652222222222222,0,0.78950907868191,1174,1174,0
0.16442707988482,1,1,0.656111111111111,0,0.792351559879235,1181,1181,0
0.16442707988482,1.1,1,0.656111111111111,0,0.792351559879235,1181,1181,0
0.16442707988482,1.25,1,0.656111111111111,0,0.792351559879235,1181,1181,0
0.16442707988482,1.5,1,0.656111111111111,0,0.792351559879235,1181,1181,0
0.16442707988482,1.75,1,0.656111111111111,0,0.792351559879235,1181,1181,0
0.16442707988482,2,1,0.656111111111111,0,0.792351559879235,1181,1181,0
0.16442707988482,2.5,1,0.656111111111111,0,0.792351559879235,1181,1181,0
0.16442707988482,3,1,0.656111111111111,0,0.792351559879235,1181,1181,0
0.16442707988482,4,1,0.656111111111111,0,0.792351559879235,1181,1181,0
0.16442707988482,5,1,0.656111111111111,0,0.792351559879235,1181,1181,0
0.16442707988482,7,1,0.653333333333333,0,0.790322580645161,1176,1176,0
0.16442707988482,10,1,0.640555555555556,0,0.780900778868947,1153,1153,0
0.16933188734431,1,1,0.643888888888889,0,0.783372761067928,1159,1159,0
0.16933188734431,1.1,1,0.643888888888889,0,0.783372761067928,1159,1159,0
0.16933188734431,1.25,1,0.643888888888889,0,0.783372761067928,1159,1159,0
0.16933188734431,1.5,1,0.643888888888889,0,0.783372761067928,1159,1159,0
0.16933188734431,1.75,1,0.643888888888889,0,0.783372761067928,1159,1159,0
0.16933188734431,2,1,0.643888888888889,0,0.783372761067928,1159,1159,0
0.16933188734431,2.5,1,0.643888888888889,0,0.783372761067928,1159,1159,0
0.16933188734431,3,1,0.643888888888889,0,0.783372761067928,1159,1159,0
0.16933188734431,4,1,0.643888888888889,0,0.783372761067928,1159,1159,0
0.16933188734431,5,1,0.643888888888889,0,0.783372761067928,1159,1159,0
0.16933188734431,7,1,0.641666666666667,0,0.781725888324873,1155,1155,0
0.16933188734431,10,1,0.630555555555556,0,0.773424190800681,1135,1135,0
0.173757343433607,1,1,0.631111111111111,0,0.773841961852861,1136,1136,0
0.173757343433607,1.1,1,0.631111111111111,0,0.773841961852861,1136,1136,0
0.173757343433607,1.25,1,0.631111111111111,0,0.773841961852861,1136,1136,0
0.173757343433607,1.5,1,0.631111111111111,0,0.773841961852861,1136,1136,0
0.173757343433607,1.75,1,0.631111111111111,0,0.773841961852861,1136,1136,0
0.173757343433607,2,1,0.631111111111111,0,0.773841961852861,1136,1136,0
0.173757343433607,2.5,1,0.631111111111111,0,0.773841961852861,1136,1136,0
0.173757343433607,3,1,0.631111111111111,0,0.773841961852861,1136,1136,0
0.173757343433607,4,1,0.631111111111111,0,0.773841961852861,1136,1136,0
0.173757343433607,5,1,0.631111111111111,0,0.773841961852861,1136,1136,0
0.173757343433607,7,1,0.629444444444444,0,0.772587794067508,1133,1133,0
0.173757343433607,10,1,0.619444444444444,0,0.765008576329331,1115,1115,0
0.177975543067766,1,1,0.618333333333333,0,0.764160659114315,1113,1113,0
0.177975543067766,1.1,1,0.618333333333333,0,0.764160659114315,1113,1113,0
0.177975543067766,1.25,1,0.618333333333333,0,0.764160659114315,1113,1113,0
0.177975543067766,1.5,1,0.618333333333333,0,0.764160659114315,1113,1113,0
0.177975543067766,1.75,1,0.618333333333333,0,0.764160659114315,1113,1113,0
0.177975543067766,2,1,0.618333333333333,0,0.764160659114315,1113,1113,0
0.177975543067766,2.5,1,0.618333333333333,0,0.764160659114315,1113,1113,0
0.177975543067766,3,1,0.618333333333333,0,0.764160659114315,1113,1113,0
0.177975543067766,4,1,0.618333333333333,0,0.764160659114315,1113,1113,0
0.177975543067766,5,1,0.618333333333333,0,0.764160659114315,1113,1113,0
0.177975543067766,7,1,0.616666666666667,0,0.762886597938144,1110,1110,0
0.177975543067766,10,1,0.607222222222222,0,0.755617006567577,1093,1093,0
0.182735936347681,1,1,0.606111111111111,0,0.754756139744033,1091,1091,0
0.182735936347681,1.1,1,0.606111111111111,0,0.754756139744033,1091,1091,0
0.182735936347681,1.25,1,0.606111111111111,0,0.754756139744033,1091,1091,0
0.182735936347681,1.5,1,0.606111111111111,0,0.754756139744033,1091,1091,0
0.182735936347681,1.75,1,0.606111111111111,0,0.754756139744033,1091,1091,0
0.182735936347681,2,1,0.606111111111111,0,0.754756139744033,1091,1091,0
0.182735936347681,2.5,1,0.606111111111111,0,0.754756139744033,1091,1091,0
0.182735936347681,3,1,0.606111111111111,0,0.754756139744033,1091,1091,0
0.182735936347681,4,1,0.606111111111111,0,0.754756139744033,1091,1091,0
0.182735936347681,5,1,0.606111111111111,0,0.754756139744033,1091,1091,0
0.182735936347681,7,1,0.604444444444444,0,0.753462603878116,1088,1088,0
0.182735936347681,10,1,0.595555555555556,0,0.746518105849582,1072,1072,0
0.186934980808402,1,1,0.593333333333333,0,0.744769874476988,1068,1068,0
0.186934980808402,1.1,1,0.593333333333333,0,0.744769874476988,1068,1068,0
0.186934980808402,1.25,1,0.593333333333333,0,0.744769874476988,1068,1068,0
0.186934980808402,1.5,1,0.593333333333333,0,0.744769874476988,1068,1068,0
0.186934980808402,1.75,1,0.593333333333333,0,0.744769874476988,1068,1068,0
0.186934980808402,2,1,0.593333333333333,0,0.744769874476988,1068,1068,0
0.186934980808402,2.5,1,0.593333333333333,0,0.744769874476988,1068,1068,0
0.186934980808402,3,1,0.593333333333333,0,0.744769874476988,1068,1068,0
0.186934980808402,4,1,0.593333333333333,0,0.744769874476988,1068,1068,0
0.186934980808402,5,1,0.593333333333333,0,0.744769874476988,1068,1068,0
0.186934980808402,7,1,0.591666666666667,0,0.743455497382199,1065,1065,0
0.186934980808402,10,1,0.583333333333333,0,0.736842105263158,1050,1050,0
0.191411230243642,1,1,0.580555555555556,0,0.734622144112478,1045,1045,0
0.191411230243642,1.1,1,0.580555555555556,0,0.734622144112478,1045,1045,0
0.191411230243642,1.25,1,0.580555555555556,0,0.734622144112478,1045,1045,0
0.191411230243642,1.5,1,0.580555555555556,0,0.734622144112478,1045,1045,0
0.191411230243642,1.75,1,0.580555555555556,0,0.734622144112478,1045,1045,0
0.191411230243642,2,1,0.580555555555556,0,0.734622144112478,1045,1045,0
0.191411230243642,2.5,1,0.580555555555556,0,0.734622144112478,1045,1045,0
0.191411230243642,3,1,0.580555555555556,0,0.734622144112478,1045,1045,0
0.191411230243642,4,1,0.580555555555556,0,0.734622144112478,1045,1045,0
0.191411230243642,5,1,0.580555555555556,0,0.734622144112478,1045,1045,0
0.191411230243642,7,1,0.578888888888889,0,0.733286418015482,1042,1042,0
0.191411230243642,10,1,0.571666666666667,0,0.72746553552492,1029,1029,0
0.195346495404063,1,1,0.568333333333333,0,0.724760892667375,1023,1023,0
0.195346495404063,1.1,1,0.568333333333333,0,0.724760892667375,1023,1023,0
0.195346495404063,1.25,1,0.568333333333333,0,0.724760892667375,1023,1023,0
0.195346495404063,1.5,1,0.568333333333333,0,0.724760892667375,1023,1023,0
0.195346495404063,1.75,1,0.568333333333333,0,0.724760892667375,1023,1023,0
0.195346495404063,2,1,0.568333333333333,0,0.724760892667375,1023,1023,0
0.195346495404063,2.5,1,0.568333333333333,0,0.724760892667375,1023,1023,0
0.195346495404063,3,1,0.568333333333333,0,0.724760892667375,1023,1023,0
0.195346495404063,4,1,0.568333333333333,0,0.724760892667375,1023,1023,0
0.195346495404063,5,1,0.568333333333333,0,0.724760892667375,1023,1023,0
0.195346495404063,7,1,0.566666666666667,0,0.723404255319149,1020,1020,0
0.195346495404063,10,1,0.560555555555556,0,0.718405126379494,1009,1009,0
0.2,1,1,0.557222222222222,0,0.71566179093828,1003,1003,0
0.2,1.1,1,0.557222222222222,0,0.71566179093828,1003,1003,0
0.2,1.25,1,0.557222222222222,0,0.71566179093828,1003,1003,0
0.2,1.5,1,0.557222222222222,0,0.71566179093828,1003,1003,0
0.2,1.75,1,0.557222222222222,0,0.71566179093828,1003,1003,0
0.2,2,1,0.557222222222222,0,0.71566179093828,1003,1003,0
0.2,2.5,1,0.557222222222222,0,0.71566179093828,1003,1003,0
0.2,3,1,0.557222222222222,0,0.71566179093828,1003,1003,0
0.2,4,1,0.557222222222222,0,0.71566179093828,1003,1003,0
0.2,5,1,0.557222222222222,0,0.71566179093828,1003,1003,0
0.2,7,1,0.555555555555556,0,0.714285714285714,1000,1000,0
0.2,10,1,0.550555555555556,0,0.710139734862057,991,991,0
0.203917851669679,1,1,0.542777777777778,0,0.703637018365142,977,977,0
0.203917851669679,1.1,1,0.542777777777778,0,0.703637018365142,977,977,0
0.203917851669679,1.25,1,0.542777777777778,0,0.703637018365142,977,977,0
0.203917851669679,1.5,1,0.542777777777778,0,0.703637018365142,977,977,0
0.203917851669679,1.75,1,0.542777777777778,0,0.703637018365142,977,977,0
0.203917851669679,2,1,0.542777777777778,0,0.703637018365142,977,977,0
0.203917851669679,2.5,1,0.542777777777778,0,0.703637018365142,977,977,0
0.203917851669679,3,1,0.542777777777778,0,0.703637018365142,977,977,0
0.203917851669679,4,1,0.542777777777778,0,0.703637018365142,977,977,0
0.203917851669679,5,1,0.542777777777778,0,0.703637018365142,977,977,0
0.203917851669679,7,1,0.541111111111111,0,0.702235039653929,974,974,0
0.203917851669679,10,1,0.537777777777778,0,0.699421965317919,968,968,0
0.207829424830442,1,1,0.530555555555556,0,0.693284936479129,955,955,0
0.207829424830442,1.1,1,0.530555555555556,0,0.693284936479129,955,955,0
0.207829424830442,1.25,1,0.530555555555556,0,0.693284936479129,955,955,0
0.207829424830442,1.5,1,0.530555555555556,0,0.693284936479129,955,955,0
0.207829424830442,1.75,1,0.530555555555556,0,0.693284936479129,955,955,0
0.207829424830442,2,1,0.530555555555556,0,0.693284936479129,955,955,0
0.207829424830442,2.5,1,0.530555555555556,0,0.693284936479129,955,955,0
0.207829424830442,3,1,0.530555555555556,0,0.693284936479129,955,955,0
0.207829424830442,4,1,0.530555555555556,0,0.693284936479129,955,955,0
0.207829424830442,5,1,0.530555555555556,0,0.693284936479129,955,955,0
0.207829424830442,7,1,0.528888888888889,0,0.691860465116279,952,952,0
0.207829424830442,10,1,0.525555555555556,0,0.689002184996358,946,946,0
0.212316133260041,1,1,0.517777777777778,0,0.682284040995608,932,932,0
0.212316133260041,1.1,1,0.517777777777778,0,0.682284040995608,932,932,0
0.212316133260041,1.25,1,0.517777777777778,0,0.682284040995608,932,932,0
0.212316133260041,1.5,1,0.517777777777778,0,0.682284040995608,932,932,0
0.212316133260041,1.75,1,0.517777777777778,0,0.682284040995608,932,932,0
0.212316133260041,2,1,0.517777777777778,0,0.682284040995608,932,932,0
0.212316133260041,2.5,1,0.517777777777778,0,0.682284040995608,932,932,0
0.212316133260041,3,1,0.517777777777778,0,0.682284040995608,932,932,0
0.212316133260041,4,1,0.517777777777778,0,0.682284040995608,932,932,0
0.212316133260041,5,1,0.517777777777778,0,0.682284040995608,932,932,0
0.212316133260041,7,1,0.516666666666667,0,0.681318681318681,930,930,0
0.212316133260041,10,1,0.513333333333333,0,0.6784140969163,924,924,0
0.217639149552087,1,1,0.505,0,0.67109634551495,909,909,0
0.217639149552087,1.1,1,0.505,0,0.67109634551495,909,909,0
0.217639149552087,1.25,1,0.505,0,0.67109634551495,909,909,0
0.217639149552087,1.5,1,0.505,0,0.67109634551495,909,909,0
0.217639149552087,1.75,1,0.505,0,0.67109634551495,909,909,0
0.217639149552087,2,1,0.505,0,0.67109634551495,909,909,0
0.217639149552087,2.5,1,0.505,0,0.67109634551495,909,909,0
0.217639149552087,3,1,0.505,0,0.67109634551495,909,909,0
0.217639149552087,4,1,0.505,0,0.67109634551495,909,909,0
0.217639149552087,5,1,0.505,0,0.67109634551495,909,909,0
0.217639149552087,7,1,0.503888888888889,0,0.670114517916513,907,907,0
0.217639149552087,10,1,0.501111111111111,0,0.667653589933383,902,902,0
0.223163418013455,1,1,0.492777777777778,0,0.660215854112393,887,887,0
0.223163418013455,1.1,1,0.492777777777778,0,0.660215854112393,887,887,0
0.223163418013455,1.25,1,0.492777777777778,0,0.660215854112393,887,887,0
0.223163418013455,1.5,1,0.492777777777778,0,0.660215854112393,887,887,0
0.223163418013455,1.75,1,0.492777777777778,0,0.660215854112393,887,887,0
0.223163418013455,2,1,0.492777777777778,0,0.660215854112393,887,887,0
0.223163418013455,2.5,1,0.492777777777778,0,0.660215854112393,887,887,0
0.223163418013455,3,1,0.492777777777778,0,0.660215854112393,887,887,0
0.223163418013455,4,1,0.492777777777778,0,0.660215854112393,887,887,0
0.223163418013455,5,1,0.492777777777778,0,0.660215854112393,887,887,0
0.223163418013455,7,1,0.491666666666667,0,0.659217877094972,885,885,0
0.223163418013455,10,1,0.489444444444444,0,0.65721745617307,881,881,0
0.228254769896567,1,1,0.48,0,0.648648648648649,864,864,0
0.228254769896567,1.1,1,0.48,0,0.648648648648649,864,864,0
0.228254769896567,1.25,1,0.48,0,0.648648648648649,864,864,0
0.228254769896567,1.5,1,0.48,0,0.648648648648649,864,864,0
0.228254769896567,1.75,1,0.48,0,0.648648648648649,864,864,0
0.228254769896567,2,1,0.48,0,0.648648648648649,864,864,0
0.228254769896567,2.5,1,0.48,0,0.648648648648649,864,864,0
0.228254769896567,3,1,0.48,0,0.648648648648649,864,864,0
0.228254769896567,4,1,0.48,0,0.648648648648649,864,864,0
0.228254769896567,5,1,0.48,0,0.648648648648649,864,864,0
0.228254769896567,7,1,0.479444444444444,0,0.648141194141945,863,863,0
0.228254769896567,10,1,0.477777777777778,0,0.646616541353383,860,860,0
0.234194683760805,1,1,0.467222222222222,0,0.636879969708444,841,841,0
0.234194683760805,1.1,1,0.467222222222222,0,0.636879969708444,841,841,0
0.234194683760805,1.25,1,0.467222222222222,0,0.636879969708444,841,841,0
0.234194683760805,1.5,1,0.467222222222222,0,0.636879969708444,841,841,0
0.234194683760805,1.75,1,0.467222222222222,0,0.636879969708444,841,841,0
0.234194683760805,2,1,0.467222222222222,0,0.636879969708444,841,841,0
0.234194683760805,2.5,1,0.467222222222222,0,0.636879969708444,841,841,0
0.234194683760805,3,1,0.467222222222222,0,0.636879969708444,841,841,0
0.234194683760805,4,1,0.467222222222222,0,0.636879969708444,841,841,0
0.234194683760805,5,1,0.467222222222222,0,0.636879969708444,841,841,0
0.234194683760805,7,1,0.466666666666667,0,0.636363636363636,840,840,0
0.234194683760805,10,1,0.465555555555556,0,0.635329795299469,838,838,0
0.239009552858642,1,1,0.455,0,0.625429553264605,819,819,0
0.239009552858642,1.1,1,0.455,0,0.625429553264605,819,819,0
0.239009552858642,1.25,1,0.455,0,0.625429553264605,819,819,0
0.239009552858642,1.5,1,0.455,0,0.625429553264605,819,819,0
0.239009552858642,1.75,1,0.455,0,0.625429553264605,819,819,0
0.239009552858642,2,1,0.455,0,0.625429553264605,819,819,0
0.239009552858642,2.5,1,0.455,0,0.625429553264605,819,819,0
0.239009552858642,3,1,0.455,0,0.625429553264605,819,819,0
0.239009552858642,4,1,0.455,0,0.625429553264605,819,819,0
0.239009552858642,5,1,0.455,0,0.625429553264605,819,819,0
0.239009552858642,7,1,0.455,0,0.625429553264605,819,819,0
0.239009552858642,10,1,0.454444444444444,0,0.624904507257448,818,818,0
0.246360971546647,1,1,0.442222222222222,0,0.613251155624037,796,796,0
0.246360971546647,1.1,1,0.442222222222222,0,0.613251155624037,796,796,0
0.246360971546647,1.25,1,0.442222222222222,0,0.613251155624037,796,796,0
0.246360971546647,1.5,1,0.442222222222222,0,0.613251155624037,796,796,0
0.246360971546647,1.75,1,0.442222222222222,0,0.613251155624037,796,796,0
0.246360971546647,2,1,0.442222222222222,0,0.613251155624037,796,796,0
0.246360971546647,2.5,1,0.442222222222222,0,0.613251155624037,796,796,0
0.246360971546647,3,1,0.442222222222222,0,0.613251155624037,796,796,0
0.246360971546647,4,1,0.442222222222222,0,0.613251155624037,796,796,0
0.246360971546647,5,1,0.442222222222222,0,0.613251155624037,796,796,0
0.246360971546647,7,1,0.442222222222222,0,0.613251155624037,796,796,0
0.246360971546647,10,1,0.441666666666667,0,0.61271676300578,795,795,0
0.254624966869865,1,1,0.429444444444444,0,0.600855033035367,773,773,0
0.254624966869865,1.1,1,0.429444444444444,0,0.600855033035367,773,773,0
0.254624966869865,1.25,1,0.429444444444444,0,0.600855033035367,773,773,0
0.254624966869865,1.5,1,0.429444444444444,0,0.600855033035367,773,773,0
0.254624966869865,1.75,1,0.429444444444444,0,0.600855033035367,773,773,0
0.254624966869865,2,1,0.429444444444444,0,0.600855033035367,773,773,0
0.254624966869865,2.5,1,0.429444444444444,0,0.600855033035367,773,773,0
0.254624966869865,3,1,0.429444444444444,0,0.600855033035367,773,773,0
0.254624966869865,4,1,0.429444444444444,0,0.600855033035367,773,773,0
0.254624966869865,5,1,0.429444444444444,0,0.600855033035367,773,773,0
0.254624966869865,7,1,0.429444444444444,0,0.600855033035367,773,773,0
0.254624966869865,10,1,0.428888888888889,0,0.600311041990669,772,772,0
0.262536805201789,1,1,0.417222222222222,0,0.588788710309682,751,751,0
0.262536805201789,1.1,1,0.417222222222222,0,0.588788710309682,751,751,0
0.262536805201789,1.25,1,0.417222222222222,0,0.588788710309682,751,751,0
0.262536805201789,1.5,1,0.417222222222222,0,0.588788710309682,751,751,0
0.262536805201789,1.75,1,0.417222222222222,0,0.588788710309682,751,751,0
0.262536805201789,2,1,0.417222222222222,0,0.588788710309682,751,751,0
0.262536805201789,2.5,1,0.417222222222222,0,0.588788710309682,751,751,0
0.262536805201789,3,1,0.417222222222222,0,0.588788710309682,751,751,0
0.262536805201789,4,1,0.417222222222222,0,0.588788710309682,751,751,0
0.262536805201789,5,1,0.417222222222222,0,0.588788710309682,751,751,0
0.262536805201789,7,1,0.417222222222222,0,0.588788710309682,751,751,0
0.262536805201789,10,1,0.416666666666667,0,0.588235294117647,750,750,0
0.266980652780789,1,1,0.404444444444444,0,0.575949367088608,728,728,0
0.266980652780789,1.1,1,0.404444444444444,0,0.575949367088608,728,728,0
0.266980652780789,1.25,1,0.404444444444444,0,0.575949367088608,728,728,0
0.266980652780789,1.5,1,0.404444444444444,0,0.575949367088608,728,728,0
0.266980652780789,1.75,1,0.404444444444444,0,0.575949367088608,728,728,0
0.266980652780789,2,1,0.404444444444444,0,0.575949367088608,728,728,0
0.266980652780789,2.5,1,0.404444444444444,0,0.575949367088608,728,728,0
0.266980652780789,3,1,0.404444444444444,0,0.575949367088608,728,728,0
0.266980652780789,4,1,0.404444444444444,0,0.575949367088608,728,728,0
0.266980652780789,5,1,0.404444444444444,0,0.575949367088608,728,728,0
0.266980652780789,7,1,0.404444444444444,0,0.575949367088608,728,728,0
0.266980652780789,10,1,0.403888888888889,0,0.575385833003561,727,727,0
0.273591277075224,1,1,0.391666666666667,0,0.562874251497006,705,705,0
0.273591277075224,1.1,1,0.391666666666667,0,0.562874251497006,705,705,0
0.273591277075224,1.25,1,0.391666666666667,0,0.562874251497006,705,705,0
0.273591277075224,1.5,1,0.391666666666667,0,0.562874251497006,705,705,0
0.273591277075224,1.75,1,0.391666666666667,0,0.562874251497006,705,705,0
0.273591277075224,2,1,0.391666666666667,0,0.562874251497006,705,705,0
0.273591277075224,2.5,1,0.391666666666667,0,0.562874251497006,705,705,0
0.273591277075224,3,1,0.391666666666667,0,0.562874251497006,705,705,0
0.273591277075224,4,1,0.391666666666667,0,0.562874251497006,705,705,0
0.273591277075224,5,1,0.391666666666667,0,0.562874251497006,705,705,0
0.273591277075224,7,1,0.391666666666667,0,0.562874251497006,705,705,0
0.273591277075224,10,1,0.391111111111111,0,0.562300319488818,704,704,0
0.282051282051282,1,1,0.38,0,0.550724637681159,684,684,0
0.282051282051282,1.1,1,0.38,0,0.550724637681159,684,684,0
0.282051282051282,1.25,1,0.38,0,0.550724637681159,684,684,0
0.282051282051282,1.5,1,0.38,0,0.550724637681159,684,684,0
0.282051282051282,1.75,1,0.38,0,0.550724637681159,684,684,0
0.282051282051282,2,1,0.38,0,0.550724637681159,684,684,0
0.282051282051282,2.5,1,0.38,0,0.550724637681159,684,684,0
0.282051282051282,3,1,0.38,0,0.550724637681159,684,684,0
0.282051282051282,4,1,0.38,0,0.550724637681159,684,684,0
0.282051282051282,5,1,0.38,0,0.550724637681159,684,684,0
0.282051282051282,7,1,0.38,0,0.550724637681159,684,684,0
0.282051282051282,10,1,0.379444444444444,0,0.550140958517922,683,683,0
0.28813513662197,1,1,0.366666666666667,0,0.536585365853658,660,660,0
0.28813513662197,1.1,1,0.366666666666667,0,0.536585365853658,660,660,0
0.28813513662197,1.25,1,0.366666666666667,0,0.536585365853658,660,660,0
0.28813513662197,1.5,1,0.366666666666667,0,0.536585365853658,660,660,0
0.28813513662197,1.75,1,0.366666666666667,0,0.536585365853658,660,660,0
0.28813513662197,2,1,0.366666666666667,0,0.536585365853658,660,660,0
0.28813513662197,2.5,1,0.366666666666667,0,0.536585365853658,660,660,0
0.28813513662197,3,1,0.366666666666667,0,0.536585365853658,660,660,0
0.28813513662197,4,1,0.366666666666667,0,0.536585365853658,660,660,0
0.28813513662197,5,1,0.366666666666667,0,0.536585365853658,660,660,0
0.28813513662197,7,1,0.366666666666667,0,0.536585365853658,660,660,0
0.28813513662197,10,1,0.366111111111111,0,0.535990239934933,659,659,0
0.29343742784399,1,1,0.353888888888889,0,0.522773902338941,637,637,0
0.29343742784399,1.1,1,0.353888888888889,0,0.522773902338941,637,637,0
0.29343742784399,1.25,1,0.353888888888889,0,0.522773902338941,637,637,0
0.29343742784399,1.5,1,0.353888888888889,0,0.522773902338941,637,637,0
0.29343742784399,1.75,1,0.353888888888889,0,0.522773902338941,637,637,0
0.29343742784399,2,1,0.353888888888889,0,0.522773902338941,637,637,0
0.29343742784399,2.5,1,0.353888888888889,0,0.522773902338941,637,637,0
0.29343742784399,3,1,0.353888888888889,0,0.522773902338941,637,637,0
0.29343742784399,4,1,0.353888888888889,0,0.522773902338941,637,637,0
0.29343742784399,5,1,0.353888888888889,0,0.522773902338941,637,637,0
0.29343742784399,7,1,0.353888888888889,0,0.522773902338941,637,637,0
0.29343742784399,10,1,0.353333333333333,0,0.522167487684729,636,636,0
0.298737662528823,1,1,0.341666666666667,0,0.509316770186335,615,615,0
0.298737662528823,1.1,1,0.341666666666667,0,0.509316770186335,615,615,0
0.298737662528823,1.25,1,0.341666666666667,0,0.509316770186335,615,615,0
0.298737662528823,1.5,1,0.341666666666667,0,0.509316770186335,615,615,0
0.298737662528823,1.75,1,0.341666666666667,0,0.509316770186335,615,615,0
0.298737662528823,2,1,0.341666666666667,0,0.509316770186335,615,615,0
0.298737662528823,2.5,1,0.341666666666667,0,0.509316770186335,615,615,0
0.298737662528823,3,1,0.341666666666667,0,0.509316770186335,615,615,0
0.298737662528823,4,1,0.341666666666667,0,0.509316770186335,615,615,0
0.298737662528823,5,1,0.341666666666667,0,0.509316770186335,615,615,0
0.298737662528823,7,1,0.341666666666667,0,0.509316770186335,615,615,0
0.298737662528823,10,1,0.341111111111111,0,0.508699254349627,614,614,0
0.309972739456533,1,1,0.328888888888889,0,0.494983277591973,592,592,0
0.309972739456533,1.1,1,0.328888888888889,0,0.494983277591973,592,592,0
0.309972739456533,1.25,1,0.328888888888889,0,0.494983277591973,592,592,0
0.309972739456533,1.5,1,0.328888888888889,0,0.494983277591973,592,592,0
0.309972739456533,1.75,1,0.328888888888889,0,0.494983277591973,592,592,0
0.309972739456533,2,1,0.328888888888889,0,0.494983277591973,592,592,0
0.309972739456533,2.5,1,0.328888888888889,0,0.494983277591973,592,592,0
0.309972739456533,3,1,0.328888888888889,0,0.494983277591973,592,592,0
0.309972739456533,4,1,0.328888888888889,0,0.494983277591973,592,592,0
0.309972739456533,5,1,0.328888888888889,0,0.494983277591973,592,592,0
0.309972739456533,7,1,0.328888888888889,0,0.494983277591973,592,592,0
0.309972739456533,10,1,0.328888888888889,0,0.494983277591973,592,592,0
0.31749102940703,1,1,0.316111111111111,0,0.48037146475306,569,569,0
0.31749102940703,1.1,1,0.316111111111111,0,0.48037146475306,569,569,0
0.31749102940703,1.25,1,0.316111111111111,0,0.48037146475306,569,569,0
0.31749102940703,1.5,1,0.316111111111111,0,0.48037146475306,569,569,0
0.31749102940703,1.75,1,0.316111111111111,0,0.48037146475306,569,569,0
0.31749102940703,2,1,0.316111111111111,0,0.48037146475306,569,569,0
0.31749102940703,2.5,1,0.316111111111111,0,0.48037146475306,569,569,0
0.31749102940703,3,1,0.316111111111111,0,0.48037146475306,569,569,0
0.31749102940703,4,1,0.316111111111111,0,0.48037146475306,569,569,0
0.31749102940703,5,1,0.316111111111111,0,0.48037146475306,569,569,0
0.31749102940703,7,1,0.316111111111111,0,0.48037146475306,569,569,0
0.31749102940703,10,1,0.316111111111111,0,0.48037146475306,569,569,0
0.323613786936965,1,1,0.303888888888889,0,0.466126970600767,547,547,0
0.323613786936965,1.1,1,0.303888888888889,0,0.466126970600767,547,547,0
0.323613786936965,1.25,1,0.303888888888889,0,0.466126970600767,547,547,0
0.323613786936965,1.5,1,0.303888888888889,0,0.466126970600767,547,547,0
0.323613786936965,1.75,1,0.303888888888889,0,0.466126970600767,547,547,0
0.323613786936965,2,1,0.303888888888889,0,0.466126970600767,547,547,0
0.323613786936965,2.5,1,0.303888888888889,0,0.466126970600767,547,547,0
0.323613786936965,3,1,0.303888888888889,0,0.466126970600767,547,547,0
0.323613786936965,4,1,0.303888888888889,0,0.466126970600767,547,547,0
0.323613786936965,5,1,0.303888888888889,0,0.466126970600767,547,547,0
0.323613786936965,7,1,0.303888888888889,0,0.466126970600767,547,547,0
0.323613786936965,10,1,0.303888888888889,0,0.466126970600767,547,547,0
0.333333333333333,1,1,0.291666666666667,0,0.451612903225806,525,525,0
0.333333333333333,1.1,1,0.291666666666667,0,0.451612903225806,525,525,0
0.333333333333333,1.25,1,0.291666666666667,0,0.451612903225806,525,525,0
0.333333333333333,1.5,1,0.291666666666667,0,0.451612903225806,525,525,0
0.333333333333333,1.75,1,0.291666666666667,0,0.451612903225806,525,525,0
0.333333333333333,2,1,0.291666666666667,0,0.451612903225806,525,525,0
0.333333333333333,2.5,1,0.291666666666667,0,0.451612903225806,525,525,0
0.333333333333333,3,1,0.291666666666667,0,0.451612903225806,525,525,0
0.333333333333333,4,1,0.291666666666667,0,0.451612903225806,525,525,0
0.333333333333333,5,1,0.291666666666667,0,0.451612903225806,525,525,0
0.333333333333333,7,1,0.291666666666667,0,0.451612903225806,525,525,0
0.333333333333333,10,1,0.291666666666667,0,0.451612903225806,525,525,0
0.339983884668717,1,1,0.278333333333333,0,0.435462842242503,501,501,0
0.339983884668717,1.1,1,0.278333333333333,0,0.435462842242503,501,501,0
0.339983884668717,1.25,1,0.278333333333333,0,0.435462842242503,501,501,0
0.339983884668717,1.5,1,0.278333333333333,0,0.435462842242503,501,501,0
0.339983884668717,1.75,1,0.278333333333333,0,0.435462842242503,501,501,0
0.339983884668717,2,1,0.278333333333333,0,0.435462842242503,501,501,0
0.339983884668717,2.5,1,0.278333333333333,0,0.435462842242503,501,501,0
0.339983884668717,3,1,0.278333333333333,0,0.435462842242503,501,501,0
0.339983884668717,4,1,0.278333333333333,0,0.435462842242503,501,501,0
0.339983884668717,5,1,0.278333333333333,0,0.435462842242503,501,501,0
0.339983884668717,7,1,0.278333333333333,0,0.435462842242503,501,501,0
0.339983884668717,10,1,0.278333333333333,0,0.435462842242503,501,501,0
0.350727004547803,1,1,0.266111111111111,0,0.420359806932865,479,479,0
0.350727004547803,1.1,1,0.266111111111111,0,0.420359806932865,479,479,0
0.350727004547803,1.25,1,0.266111111111111,0,0.420359806932865,479,479,0
0.350727004547803,1.5,1,0.266111111111111,0,0.420359806932865,479,479,0
0.350727004547803,1.75,1,0.266111111111111,0,0.420359806932865,479,479,0
0.350727004547803,2,1,0.266111111111111,0,0.420359806932865,479,479,0
0.350727004547803,2.5,1,0.266111111111111,0,0.420359806932865,479,479,0
0.350727004547803,3,1,0.266111111111111,0,0.420359806932865,479,479,0
0.350727004547803,4,1,0.266111111111111,0,0.420359806932865,479,479,0
0.350727004547803,5,1,0.266111111111111,0,0.420359806932865,479,479,0
0.350727004547803,7,1,0.266111111111111,0,0.420359806932865,479,479,0
0.350727004547803,10,1,0.266111111111111,0,0.420359806932865,479,479,0
0.359639528856086,1,1,0.253333333333333,0,0.404255319148936,456,456,0
0.359639528856086,1.1,1,0.253333333333333,0,0.404255319148936,456,456,0
0.359639528856086,1.25,1,0.253333333333333,0,0.404255319148936,456,456,0
0.359639528856086,1.5,1,0.253333333333333,0,0.404255319148936,456,456,0
0.359639528856086,1.75,1,0.253333333333333,0,0.404255319148936,456,456,0
0.359639528856086,2,1,0.253333333333333,0,0.404255319148936,456,456,0
0.359639528856086,2.5,1,0.253333333333333,0,0.404255319148936,456,456,0
0.359639528856086,3,1,0.253333333333333,0,0.404255319148936,456,456,0
0.359639528856086,4,1,0.253333333333333,0,0.404255319148936,456,456,0
0.359639528856086,5,1,0.253333333333333,0,0.404255319148936,456,456,0
0.359639528856086,7,1,0.253333333333333,0,0.404255319148936,456,456,0
0.359639528856086,10,1,0.253333333333333,0,0.404255319148936,456,456,0
0.369303685277565,1,1,0.240555555555556,0,0.38781907747425,433,433,0
0.369303685277565,1.1,1,0.240555555555556,0,0.38781907747425,433,433,0
0.369303685277565,1.25,1,0.240555555555556,0,0.38781907747425,433,433,0
0.369303685277565,1.5,1,0.240555555555556,0,0.38781907747425,433,433,0
0.369303685277565,1.75,1,0.240555555555556,0,0.38781907747425,433,433,0
0.369303685277565,2,1,0.240555555555556,0,0.38781907747425,433,433,0
0.369303685277565,2.5,1,0.240555555555556,0,0.38781907747425,433,433,0
0.369303685277565,3,1,0.240555555555556,0,0.38781907747425,433,433,0
0.369303685277565,4,1,0.240555555555556,0,0.38781907747425,433,433,0
0.369303685277565,5,1,0.240555555555556,0,0.38781907747425,433,433,0
0.369303685277565,7,1,0.240555555555556,0,0.38781907747425,433,433,0
0.369303685277565,10,1,0.240555555555556,0,0.38781907747425,433,433,0
0.379837741045398,1,1,0.228333333333333,0,0.371777476255088,411,411,0
0.379837741045398,1.1,1,0.228333333333333,0,0.371777476255088,411,411,0
0.379837741045398,1.25,1,0.228333333333333,0,0.371777476255088,411,411,0
0.379837741045398,1.5,1,0.228333333333333,0,0.371777476255088,411,411,0
0.379837741045398,1.75,1,0.228333333333333,0,0.371777476255088,411,411,0
0.379837741045398,2,1,0.228333333333333,0,0.371777476255088,411,411,0
0.379837741045398,2.5,1,0.228333333333333,0,0.371777476255088,411,411,0
0.379837741045398,3,1,0.228333333333333,0,0.371777476255088,411,411,0
0.379837741045398,4,1,0.228333333333333,0,0.371777476255088,411,411,0
0.379837741045398,5,1,0.228333333333333,0,0.371777476255088,411,411,0
0.379837741045398,7,1,0.228333333333333,0,0.371777476255088,411,411,0
0.379837741045398,10,1,0.228333333333333,0,0.371777476255088,411,411,0
0.38753157174727,1,1,0.215555555555556,0,0.354661791590494,388,388,0
0.38753157174727,1.1,1,0.215555555555556,0,0.354661791590494,388,388,0
0.38753157174727,1.25,1,0.215555555555556,0,0.354661791590494,388,388,0
0.38753157174727,1.5,1,0.215555555555556,0,0.354661791590494,388,388,0
0.38753157174727,1.75,1,0.215555555555556,0,0.354661791590494,388,388,0
0.38753157174727,2,1,0.215555555555556,0,0.354661791590494,388,388,0
0.38753157174727,2.5,1,0.215555555555556,0,0.354661791590494,388,388,0
0.38753157174727,3,1,0.215555555555556,0,0.354661791590494,388,388,0
0.38753157174727,4,1,0.215555555555556,0,0.354661791590494,388,388,0
0.38753157174727,5,1,0.215555555555556,0,0.354661791590494,388,388,0
0.38753157174727,7,1,0.215555555555556,0,0.354661791590494,388,388,0
0.38753157174727,10,1,0.215555555555556,0,0.354661791590494,388,388,0
0.396165613580856,1,1,0.202777777777778,0,0.337182448036952,365,365,0
0.396165613580856,1.1,1,0.202777777777778,0,0.337182448036952,365,365,0
0.396165613580856,1.25,1,0.202777777777778,0,0.337182448036952,365,365,0
0.396165613580856,1.5,1,0.202777777777778,0,0.337182448036952,365,365,0
0.396165613580856,1.75,1,0.202777777777778,0,0.337182448036952,365,365,0
0.396165613580856,2,1,0.202777777777778,0,0.337182448036952,365,365,0
0.396165613580856,2.5,1,0.202777777777778,0,0.337182448036952,365,365,0
0.396165613580856,3,1,0.202777777777778,0,0.337182448036952,365,365,0
0.396165613580856,4,1,0.202777777777778,0,0.337182448036952,365,365,0
0.396165613580856,5,1,0.202777777777778,0,0.337182448036952,365,365,0
0.396165613580856,7,1,0.202777777777778,0,0.337182448036952,365,365,0
0.396165613580856,10,1,0.202777777777778,0,0.337182448036952,365,365,0
0.410016220912126,1,1,0.190555555555556,0,0.320111992533831,343,343,0
0.410016220912126,1.1,1,0.190555555555556,0,0.320111992533831,343,343,0
0.410016220912126,1.25,1,0.190555555555556,0,0.320111992533831,343,343,0
0.410016220912126,1.5,1,0.190555555555556,0,0.320111992533831,343,343,0
0.410016220912126,1.75,1,0.190555555555556,0,0.320111992533831,343,343,0
0.410016220912126,2,1,0.190555555555556,0,0.320111992533831,343,343,0
0.410016220912126,2.5,1,0.190555555555556,0,0.320111992533831,343,343,0
0.410016220912126,3,1,0.190555555555556,0,0.320111992533831,343,343,0
0.410016220912126,4,1,0.190555555555556,0,0.320111992533831,343,343,0
0.410016220912126,5,1,0.190555555555556,0,0.320111992533831,343,343,0
0.410016220912126,7,1,0.190555555555556,0,0.320111992533831,343,343,0
0.410016220912126,10,1,0.190555555555556,0,0.320111992533831,343,343,0
0.428634910054673,1,1,0.177777777777778,0,0.30188679245283,320,320,0
0.428634910054673,1.1,1,0.177777777777778,0,0.30188679245283,320,320,0
0.428634910054673,1.25,1,0.177777777777778,0,0.30188679245283,320,320,0
0.428634910054673,1.5,1,0.177777777777778,0,0.30188679245283,320,320,0
0.428634910054673,1.75,1,0.177777777777778,0,0.30188679245283,320,320,0
0.428634910054673,2,1,0.177777777777778,0,0.30188679245283,320,320,0
0.428634910054673,2.5,1,0.177777777777778,0,0.30188679245283,320,320,0
0.428634910054673,3,1,0.177777777777778,0,0.30188679245283,320,320,0
0.428634910054673,4,1,0.177777777777778,0,0.30188679245283,320,320,0
0.428634910054673,5,1,0.177777777777778,0,0.30188679245283,320,320,0
0.428634910054673,7,1,0.177777777777778,0,0.30188679245283,320,320,0
0.428634910054673,10,1,0.177777777777778,0,0.30188679245283,320,320,0
0.436406188582133,1,1,0.165,0,0.283261802575107,297,297,0
0.436406188582133,1.1,1,0.165,0,0.283261802575107,297,297,0
0.436406188582133,1.25,1,0.165,0,0.283261802575107,297,297,0
0.436406188582133,1.5,1,0.165,0,0.283261802575107,297,297,0
0.436406188582133,1.75,1,0.165,0,0.283261802575107,297,297,0
0.436406188582133,2,1,0.165,0,0.283261802575107,297,297,0
0.436406188582133,2.5,1,0.165,0,0.283261802575107,297,297,0
0.436406188582133,3,1,0.165,0,0.283261802575107,297,297,0
0.436406188582133,4,1,0.165,0,0.283261802575107,297,297,0
0.436406188582133,5,1,0.165,0,0.283261802575107,297,297,0
0.436406188582133,7,1,0.165,0,0.283261802575107,297,297,0
0.436406188582133,10,1,0.165,0,0.283261802575107,297,297,0
0.447368421052632,1,1,0.153333333333333,0,0.265895953757225,276,276,0
0.447368421052632,1.1,1,0.153333333333333,0,0.265895953757225,276,276,0
0.447368421052632,1.25,1,0.153333333333333,0,0.265895953757225,276,276,0
0.447368421052632,1.5,1,0.153333333333333,0,0.265895953757225,276,276,0
0.447368421052632,1.75,1,0.153333333333333,0,0.265895953757225,276,276,0
0.447368421052632,2,1,0.153333333333333,0,0.265895953757225,276,276,0
0.447368421052632,2.5,1,0.153333333333333,0,0.265895953757225,276,276,0
0.447368421052632,3,1,0.153333333333333,0,0.265895953757225,276,276,0
0.447368421052632,4,1,0.153333333333333,0,0.265895953757225,276,276,0
0.447368421052632,5,1,0.153333333333333,0,0.265895953757225,276,276,0
0.447368421052632,7,1,0.153333333333333,0,0.265895953757225,276,276,0
0.447368421052632,10,1,0.153333333333333,0,0.265895953757225,276,276,0
0.45967350440499,1,1,0.14,0,0.245614035087719,252,252,0
0.45967350440499,1.1,1,0.14,0,0.245614035087719,252,252,0
0.45967350440499,1.25,1,0.14,0,0.245614035087719,252,252,0
0.45967350440499,1.5,1,0.14,0,0.245614035087719,252,252,0
0.45967350440499,1.75,1,0.14,0,0.245614035087719,252,252,0
0.45967350440499,2,1,0.14,0,0.245614035087719,252,252,0
0.45967350440499,2.5,1,0.14,0,0.245614035087719,252,252,0
0.45967350440499,3,1,0.14,0,0.245614035087719,252,252,0
0.45967350440499,4,1,0.14,0,0.245614035087719,252,252,0
0.45967350440499,5,1,0.14,0,0.245614035087719,252,252,0
0.45967350440499,7,1,0.14,0,0.245614035087719,252,252,0
0.45967350440499,10,1,0.14,0,0.245614035087719,252,252,0
0.480604641260379,1,1,0.127222222222222,0,0.225726959093149,229,229,0
0.480604641260379,1.1,1,0.127222222222222,0,0.225726959093149,229,229,0
0.480604641260379,1.25,1,0.127222222222222,0,0.225726959093149,229,229,0
0.480604641260379,1.5,1,0.127222222222222,0,0.225726959093149,229,229,0
0.480604641260379,1.75,1,0.127222222222222,0,0.225726959093149,229,229,0
0.480604641260379,2,1,0.127222222222222,0,0.225726959093149,229,229,0
0.480604641260379,2.5,1,0.127222222222222,0,0.225726959093149,229,229,0
0.480604641260379,3,1,0.127222222222222,0,0.225726959093149,229,229,0
0.480604641260379,4,1,0.127222222222222,0,0.225726959093149,229,229,0
0.480604641260379,5,1,0.127222222222222,0,0.225726959093149,229,229,0
0.480604641260379,7,1,0.127222222222222,0,0.225726959093149,229,229,0
0.480604641260379,10,1,0.127222222222222,0,0.225726959093149,229,229,0
0.493737687873534,1,1,0.115,0,0.20627802690583,207,207,0
0.493737687873534,1.1,1,0.115,0,0.20627802690583,207,207,0
0.493737687873534,1.25,1,0.115,0,0.20627802690583,207,207,0
0.493737687873534,1.5,1,0.115,0,0.20627802690583,207,207,0
0.493737687873534,1.75,1,0.115,0,0.20627802690583,207,207,0
0.493737687873534,2,1,0.115,0,0.20627802690583,207,207,0
0.493737687873534,2.5,1,0.115,0,0.20627802690583,207,207,0
0.493737687873534,3,1,0.115,0,0.20627802690583,207,207,0
0.493737687873534,4,1,0.115,0,0.20627802690583,207,207,0
0.493737687873534,5,1,0.115,0,0.20627802690583,207,207,0
0.493737687873534,7,1,0.115,0,0.20627802690583,207,207,0
0.493737687873534,10,1,0.115,0,0.20627802690583,207,207,0
0.512935302463231,1,1,0.102222222222222,0,0.185483870967742,184,184,0
0.512935302463231,1.1,1,0.102222222222222,0,0.185483870967742,184,184,0
0.512935302463231,1.25,1,0.102222222222222,0,0.185483870967742,184,184,0
0.512935302463231,1.5,1,0.102222222222222,0,0.185483870967742,184,184,0
0.512935302463231,1.75,1,0.102222222222222,0,0.185483870967742,184,184,0
0.512935302463231,2,1,0.102222222222222,0,0.185483870967742,184,184,0
0.512935302463231,2.5,1,0.102222222222222,0,0.185483870967742,184,184,0
0.512935302463231,3,1,0.102222222222222,0,0.185483870967742,184,184,0
0.512935302463231,4,1,0.102222222222222,0,0.185483870967742,184,184,0
0.512935302463231,5,1,0.102222222222222,0,0.185483870967742,184,184,0
0.512935302463231,7,1,0.102222222222222,0,0.185483870967742,184,184,0
0.512935302463231,10,1,0.102222222222222,0,0.185483870967742,184,184,0
0.526212915780273,1,1,0.0894444444444444,0,0.164201937786843,161,161,0
0.526212915780273,1.1,1,0.0894444444444444,0,0.164201937786843,161,161,0
0.526212915780273,1.25,1,0.0894444444444444,0,0.164201937786843,161,161,0
0.526212915780273,1.5,1,0.0894444444444444,0,0.164201937786843,161,161,0
0.526212915780273,1.75,1,0.0894444444444444,0,0.164201937786843,161,161,0
0.526212915780273,2,1,0.0894444444444444,0,0.164201937786843,161,161,0
0.526212915780273,2.5,1,0.0894444444444444,0,0.164201937786843,161,161,0
0.526212915780273,3,1,0.0894444444444444,0,0.164201937786843,161,161,0
0.526212915780273,4,1,0.0894444444444444,0,0.164201937786843,161,161,0
0.526212915780273,5,1,0.0894444444444444,0,0.164201937786843,161,161,0
0.526212915780273,7,1,0.0894444444444444,0,0.164201937786843,161,161,0
0.526212915780273,10,1,0.0894444444444444,0,0.164201937786843,161,161,0
0.54875283446712,1,1,0.0777777777777778,0,0.144329896907217,140,140,0
0.54875283446712,1.1,1,0.0777777777777778,0,0.144329896907217,140,140,0
0.54875283446712,1.25,1,0.0777777777777778,0,0.144329896907217,140,140,0
0.54875283446712,1.5,1,0.0777777777777778,0,0.144329896907217,140,140,0
0.54875283446712,1.75,1,0.0777777777777778,0,0.144329896907217,140,140,0
0.54875283446712,2,1,0.0777777777777778,0,0.144329896907217,140,140,0
0.54875283446712,2.5,1,0.0777777777777778,0,0.144329896907217,140,140,0
0.54875283446712,3,1,0.0777777777777778,0,0.144329896907217,140,140,0
0.54875283446712,4,1,0.0777777777777778,0,0.144329896907217,140,140,0
0.54875283446712,5,1,0.0777777777777778,0,0.144329896907217,140,140,0
0.54875283446712,7,1,0.0777777777777778,0,0.144329896907217,140,140,0
0.54875283446712,10,1,0.0777777777777778,0,0.144329896907217,140,140,0
0.56690949377227,1,1,0.0644444444444444,0,0.121085594989562,116,116,0
0.56690949377227,1.1,1,0.0644444444444444,0,0.121085594989562,116,116,0
0.56690949377227,1.25,1,0.0644444444444444,0,0.121085594989562,116,116,0
0.56690949377227,1.5,1,0.0644444444444444,0,0.121085594989562,116,116,0
0.56690949377227,1.75,1,0.0644444444444444,0,0.121085594989562,116,116,0
0.56690949377227,2,1,0.0644444444444444,0,0.121085594989562,116,116,0
0.56690949377227,2.5,1,0.0644444444444444,0,0.121085594989562,116,116,0
0.56690949377227,3,1,0.0644444444444444,0,0.121085594989562,116,116,0
0.56690949377227,4,1,0.0644444444444444,0,0.121085594989562,116,116,0
0.56690949377227,5,1,0.0644444444444444,0,0.121085594989562,116,116,0
0.56690949377227,7,1,0.0644444444444444,0,0.121085594989562,116,116,0
0.56690949377227,10,1,0.0644444444444444,0,0.121085594989562,116,116,0
0.584916825971449,1,1,0.0516666666666667,0,0.098256735340729,93,93,0
0.584916825971449,1.1,1,0.0516666666666667,0,0.098256735340729,93,93,0
0.584916825971449,1.25,1,0.0516666666666667,0,0.098256735340729,93,93,0
0.584916825971449,1.5,1,0.0516666666666667,0,0.098256735340729,93,93,0
0.584916825971449,1.75,1,0.0516666666666667,0,0.098256735340729,93,93,0
0.584916825971449,2,1,0.0516666666666667,0,0.098256735340729,93,93,0
0.584916825971449,2.5,1,0.0516666666666667,0,0.098256735340729,93,93,0
0.584916825971449,3,1,0.0516666666666667,0,0.098256735340729,93,93,0
0.584916825971449,4,1,0.0516666666666667,0,0.098256735340729,93,93,0
0.584916825971449,5,1,0.0516666666666667,0,0.098256735340729,93,93,0
0.584916825971449,7,1,0.0516666666666667,0,0.098256735340729,93,93,0
0.584916825971449,10,1,0.0516666666666667,0,0.098256735340729,93,93,0
0.602053153441307,1,1,0.0394444444444444,0,0.0758952431854623,71,71,0
0.602053153441307,1.1,1,0.0394444444444444,0,0.0758952431854623,71,71,0
0.602053153441307,1.25,1,0.0394444444444444,0,0.0758952431854623,71,71,0
0.602053153441307,1.5,1,0.0394444444444444,0,0.0758952431854623,71,71,0
0.602053153441307,1.75,1,0.0394444444444444,0,0.0758952431854623,71,71,0
0.602053153441307,2,1,0.0394444444444444,0,0.0758952431854623,71,71,0
0.602053153441307,2.5,1,0.0394444444444444,0,0.0758952431854623,71,71,0
0.602053153441307,3,1,0.0394444444444444,0,0.0758952431854623,71,71,0
0.602053153441307,4,1,0.0394444444444444,0,0.0758952431854623,71,71,0
0.602053153441307,5,1,0.0394444444444444,0,0.0758952431854623,71,71,0
0.602053153441307,7,1,0.0394444444444444,0,0.0758952431854623,71,71,0
0.602053153441307,10,1,0.0394444444444444,0,0.0758952431854623,71,71,0
0.639011876048794,1,1,0.0266666666666667,0,0.051948051948052,48,48,0
0.639011876048794,1.1,1,0.0266666666666667,0,0.051948051948052,48,48,0
0.639011876048794,1.25,1,0.0266666666666667,0,0.051948051948052,48,48,0
0.639011876048794,1.5,1,0.0266666666666667,0,0.051948051948052,48,48,0
0.639011876048794,1.75,1,0.0266666666666667,0,0.051948051948052,48,48,0
0.639011876048794,2,1,0.0266666666666667,0,0.051948051948052,48,48,0
0.639011876048794,2.5,1,0.0266666666666667,0,0.051948051948052,48,48,0
0.639011876048794,3,1,0.0266666666666667,0,0.051948051948052,48,48,0
0.639011876048794,4,1,0.0266666666666667,0,0.051948051948052,48,48,0
0.639011876048794,5,1,0.0266666666666667,0,0.051948051948052,48,48,0
0.639011876048794,7,1,0.0266666666666667,0,0.051948051948052,48,48,0
0.639011876048794,10,1,0.0266666666666667,0,0.051948051948052,48,48,0
0.675718413647657,1,1,0.0138888888888889,0,0.0273972602739726,25,25,0
0.675718413647657,1.1,1,0.0138888888888889,0,0.0273972602739726,25,25,0
0.675718413647657,1.25,1,0.0138888888888889,0,0.0273972602739726,25,25,0
0.675718413647657,1.5,1,0.0138888888888889,0,0.0273972602739726,25,25,0
0.675718413647657,1.75,1,0.0138888888888889,0,0.0273972602739726,25,25,0
0.675718413647657,2,1,0.0138888888888889,0,0.0273972602739726,25,25,0
0.675718413647657,2.5,1,0.0138888888888889,0,0.0273972602739726,25,25,0
0.675718413647657,3,1,0.0138888888888889,0,0.0273972602739726,25,25,0
0.675718413647657,4,1,0.0138888888888889,0,0.0273972602739726,25,25,0
0.675718413647657,5,1,0.0138888888888889,0,0.0273972602739726,25,25,0
0.675718413647657,7,1,0.0138888888888889,0,0.0273972602739726,25,25,0
0.675718413647657,10,1,0.0138888888888889,0,0.0273972602739726,25,25,0
0.774415750257257,1,1,0.00166666666666667,0,0.00332778702163062,3,3,0
0.774415750257257,1.1,1,0.00166666666666667,0,0.00332778702163062,3,3,0
0.774415750257257,1.25,1,0.00166666666666667,0,0.00332778702163062,3,3,0
0.774415750257257,1.5,1,0.00166666666666667,0,0.00332778702163062,3,3,0
0.774415750257257,1.75,1,0.00166666666666667,0,0.00332778702163062,3,3,0
0.774415750257257,2,1,0.00166666666666667,0,0.00332778702163062,3,3,0
0.774415750257257,2.5,1,0.00166666666666667,0,0.00332778702163062,3,3,0
0.774415750257257,3,1,0.00166666666666667,0,0.00332778702163062,3,3,0
0.774415750257257,4,1,0.00166666666666667,0,0.00332778702163062,3,3,0
0.774415750257257,5,1,0.00166666666666667,0,0.00332778702163062,3,3,0
0.774415750257257,7,1,0.00166666666666667,0,0.00332778702163062,3,3,0
0.774415750257257,10,1,0.00166666666666667,0,0.00332778702163062,3,3,0
