tau,rho,precision,recall,far,f1,tp,nAccepted,nFalseAccept
0,1,0.664074074074074,0.996111111111111,1,0.796888888888889,1793,2700,900
0,1.1,0.760712770470938,0.996111111111111,0.623333333333333,0.862641327880683,1793,2357,561
0,1.25,0.807570977917981,0.995555555555556,0.472222222222222,0.891764120427967,1792,2219,425
0,1.5,0.906281661600811,0.993888888888889,0.204444444444444,0.948065712771595,1789,1974,184
0,1.75,0.940031562335613,0.992777777777778,0.126666666666667,0.96568495001351,1787,1901,114
0,2,0.94291754756871,0.991111111111111,0.12,0.966413867822319,1784,1892,108
0,2.5,0.951154052603328,0.984444444444444,0.101111111111111,0.967512967512967,1772,1863,91
0,3,0.951430113329736,0.979444444444444,0.1,0.965234054202026,1763,1853,90
0,4,0.95264017419706,0.972222222222222,0.0966666666666667,0.962331591971405,1750,1837,87
0,5,0.953811908736784,0.952222222222222,0.0922222222222222,0.953016402557687,1714,1797,83
0,7,0.953392330383481,0.897777777777778,0.0877777777777778,0.924749642346209,1616,1695,79
0,10,0.9521625163827,0.807222222222222,0.0811111111111111,0.873722188815394,1453,1526,73
0.00275482093663912,1,0.664074074074074,0.996111111111111,1,0.796888888888889,1793,2700,900
0.00275482093663912,1.1,0.760712770470938,0.996111111111111,0.623333333333333,0.862641327880683,1793,2357,561
0.00275482093663912,1.25,0.807570977917981,0.995555555555556,0.472222222222222,0.891764120427967,1792,2219,425
0.00275482093663912,1.5,0.906281661600811,0.993888888888889,0.204444444444444,0.948065712771595,1789,1974,184
0.00275482093663912,1.75,0.940031562335613,0.992777777777778,0.126666666666667,0.96568495001351,1787,1901,114
0.00275482093663912,2,0.94291754756871,0.991111111111111,0.12,0.966413867822319,1784,1892,108
0.00275482093663912,2.5,0.951154052603328,0.984444444444444,0.101111111111111,0.967512967512967,1772,1863,91
0.00275482093663912,3,0.951430113329736,0.979444444444444,0.1,0.965234054202026,1763,1853,90
0.00275482093663912,4,0.95264017419706,0.972222222222222,0.0966666666666667,0.962331591971405,1750,1837,87
0.00275482093663912,5,0.953811908736784,0.952222222222222,0.0922222222222222,0.953016402557687,1714,1797,83
0.00275482093663912,7,0.953392330383481,0.897777777777778,0.0877777777777778,0.924749642346209,1616,1695,79
0.00275482093663912,10,0.9521625163827,0.807222222222222,0.0811111111111111,0.873722188815394,1453,1526,73
0.00406091370558376,1,0.669529499626587,0.996111111111111,0.975555555555556,0.800803930326038,1793,2678,878
0.00406091370558376,1.1,0.762654189706508,0.996111111111111,0.616666666666667,0.863888219706095,1793,2351,555
0.00406091370558376,1.25,0.809760506100316,0.995555555555556,0.465555555555556,0.89309743334164,1792,2213,419
0.00406091370558376,1.5,0.906281661600811,0.993888888888889,0.204444444444444,0.948065712771595,1789,1974,184
0.00406091370558376,1.75,0.940031562335613,0.992777777777778,0.126666666666667,0.96568495001351,1787,1901,114
0.00406091370558376,2,0.94291754756871,0.991111111111111,0.12,0.966413867822319,1784,1892,108
0.00406091370558376,2.5,0.951154052603328,0.984444444444444,0.101111111111111,0.967512967512967,1772,1863,91
0.00406091370558376,3,0.951430113329736,0.979444444444444,0.1,0.965234054202026,1763,1853,90
0.00406091370558376,4,0.95264017419706,0.972222222222222,0.0966666666666667,0.962331591971405,1750,1837,87
0.00406091370558376,5,0.953811908736784,0.952222222222222,0.0922222222222222,0.953016402557687,1714,1797,83
0.00406091370558376,7,0.953392330383481,0.897777777777778,0.0877777777777778,0.924749642346209,1616,1695,79
0.00406091370558376,10,0.9521625163827,0.807222222222222,0.0811111111111111,0.873722188815394,1453,1526,73
0.00469745597877666,1,0.675329566854991,0.996111111111111,0.95,0.804938271604938,1793,2655,855
0.00469745597877666,1.1,0.764931740614334,0.996111111111111,0.608888888888889,0.86534749034749,1793,2344,548
0.00469745597877666,1.25,0.812330009066183,0.995555555555556,0.457777777777778,0.894658012980529,1792,2206,412
0.00469745597877666,1.5,0.906281661600811,0.993888888888889,0.204444444444444,0.948065712771595,1789,1974,184
0.00469745597877666,1.75,0.940031562335613,0.992777777777778,0.126666666666667,0.96568495001351,1787,1901,114
0.00469745597877666,2,0.94291754756871,0.991111111111111,0.12,0.966413867822319,1784,1892,108
0.00469745597877666,2.5,0.951154052603328,0.984444444444444,0.101111111111111,0.967512967512967,1772,1863,91
0.00469745597877666,3,0.951430113329736,0.979444444444444,0.1,0.965234054202026,1763,1853,90
0.00469745597877666,4,0.95264017419706,0.972222222222222,0.0966666666666667,0.962331591971405,1750,1837,87
0.00469745597877666,5,0.953811908736784,0.952222222222222,0.0922222222222222,0.953016402557687,1714,1797,83
0.00469745597877666,7,0.953392330383481,0.897777777777778,0.0877777777777778,0.924749642346209,1616,1695,79
0.00469745597877666,10,0.9521625163827,0.807222222222222,0.0811111111111111,0.873722188815394,1453,1526,73
0.00491883766581628,1,0.681231003039514,0.996111111111111,0.924444444444444,0.809115523465704,1793,2632,832
0.00491883766581628,1.1,0.768867924528302,0.996111111111111,0.595555555555556,0.867860600193611,1793,2332,536
0.00491883766581628,1.25,0.816773017319964,0.995555555555556,0.444444444444444,0.897346019028543,1792,2194,400
0.00491883766581628,1.5,0.906741003547897,0.993888888888889,0.203333333333333,0.948316989133316,1789,1973,183
0.00491883766581628,1.75,0.940031562335613,0.992777777777778,0.126666666666667,0.96568495001351,1787,1901,114
0.00491883766581628,2,0.94291754756871,0.991111111111111,0.12,0.966413867822319,1784,1892,108
0.00491883766581628,2.5,0.951154052603328,0.984444444444444,0.101111111111111,0.967512967512967,1772,1863,91
0.00491883766581628,3,0.951430113329736,0.979444444444444,0.1,0.965234054202026,1763,1853,90
0.00491883766581628,4,0.95264017419706,0.972222222222222,0.0966666666666667,0.962331591971405,1750,1837,87
0.00491883766581628,5,0.953811908736784,0.952222222222222,0.0922222222222222,0.953016402557687,1714,1797,83
0.00491883766581628,7,0.953392330383481,0.897777777777778,0.0877777777777778,0.924749642346209,1616,1695,79
0.00491883766581628,10,0.9521625163827,0.807222222222222,0.0811111111111111,0.873722188815394,1453,1526,73
0.00526407601474398,1,0.687236489076274,0.996111111111111,0.898888888888889,0.813336357450669,1793,2609,809
0.00526407601474398,1.1,0.77351164797239,0.996111111111111,0.58,0.870811073336571,1793,2318,522
0.00526407601474398,1.25,0.822018348623853,0.995555555555556,0.428888888888889,0.900502512562814,1792,2180,386
0.00526407601474398,1.5,0.906741003547897,0.993888888888889,0.203333333333333,0.948316989133316,1789,1973,183
0.00526407601474398,1.75,0.940031562335613,0.992777777777778,0.126666666666667,0.96568495001351,1787,1901,114
0.00526407601474398,2,0.94291754756871,0.991111111111111,0.12,0.966413867822319,1784,1892,108
0.00526407601474398,2.5,0.951154052603328,0.984444444444444,0.101111111111111,0.967512967512967,1772,1863,91
0.00526407601474398,3,0.951430113329736,0.979444444444444,0.1,0.965234054202026,1763,1853,90
0.00526407601474398,4,0.95264017419706,0.972222222222222,0.0966666666666667,0.962331591971405,1750,1837,87
0.00526407601474398,5,0.953811908736784,0.952222222222222,0.0922222222222222,0.953016402557687,1714,1797,83
0.00526407601474398,7,0.953392330383481,0.897777777777778,0.0877777777777778,0.924749642346209,1616,1695,79
0.00526407601474398,10,0.9521625163827,0.807222222222222,0.0811111111111111,0.873722188815394,1453,1526,73
0.00548311457114969,1,0.693080788558175,0.996111111111111,0.874444444444444,0.817415090038751,1793,2587,787
0.00548311457114969,1.1,0.775183744055339,0.996111111111111,0.574444444444444,0.87186968149769,1793,2313,517
0.00548311457114969,1.25,0.823908045977012,0.995555555555556,0.423333333333333,0.901635220125786,1792,2175,381
0.00548311457114969,1.5,0.906741003547897,0.993888888888889,0.203333333333333,0.948316989133316,1789,1973,183
0.00548311457114969,1.75,0.940031562335613,0.992777777777778,0.126666666666667,0.96568495001351,1787,1901,114
0.00548311457114969,2,0.94291754756871,0.991111111111111,0.12,0.966413867822319,1784,1892,108
0.00548311457114969,2.5,0.951154052603328,0.984444444444444,0.101111111111111,0.967512967512967,1772,1863,91
0.00548311457114969,3,0.951430113329736,0.979444444444444,0.1,0.965234054202026,1763,1853,90
0.00548311457114969,4,0.95264017419706,0.972222222222222,0.0966666666666667,0.962331591971405,1750,1837,87
0.00548311457114969,5,0.953811908736784,0.952222222222222,0.0922222222222222,0.953016402557687,1714,1797,83
0.00548311457114969,7,0.953392330383481,0.897777777777778,0.0877777777777778,0.924749642346209,1616,1695,79
0.00548311457114969,10,0.9521625163827,0.807222222222222,0.0811111111111111,0.873722188815394,1453,1526,73
0.00568181818181818,1,0.699025341130604,0.996111111111111,0.85,0.821534936998855,1793,2565,765
0.00568181818181818,1.1,0.77922642329422,0.996111111111111,0.561111111111111,0.874420872957815,1793,2301,505
0.00568181818181818,1.25,0.826949700046147,0.995555555555556,0.414444444444444,0.903453491303252,1792,2167,373
0.00568181818181818,1.5,0.907661085743278,0.993888888888889,0.201111111111111,0.948819941660037,1789,1971,181
0.00568181818181818,1.75,0.940031562335613,0.992777777777778,0.126666666666667,0.96568495001351,1787,1901,114
0.00568181818181818,2,0.94291754756871,0.991111111111111,0.12,0.966413867822319,1784,1892,108
0.00568181818181818,2.5,0.951154052603328,0.984444444444444,0.101111111111111,0.967512967512967,1772,1863,91
0.00568181818181818,3,0.951430113329736,0.979444444444444,0.1,0.965234054202026,1763,1853,90
0.00568181818181818,4,0.95264017419706,0.972222222222222,0.0966666666666667,0.962331591971405,1750,1837,87
0.00568181818181818,5,0.953811908736784,0.952222222222222,0.0922222222222222,0.953016402557687,1714,1797,83
0.00568181818181818,7,0.953392330383481,0.897777777777778,0.0877777777777778,0.924749642346209,1616,1695,79
0.00568181818181818,10,0.9521625163827,0.807222222222222,0.0811111111111111,0.873722188815394,1453,1526,73
0.00589429121539263,1,0.705627705627706,0.996111111111111,0.823333333333333,0.826076940797051,1793,2541,741
0.00589429121539263,1.1,0.784339457567804,0.996111111111111,0.544444444444444,0.877630934899657,1793,2286,490
0.00589429121539263,1.25,0.82886216466235,0.995555555555556,0.408888888888889,0.904593639575972,1792,2162,368
0.00589429121539263,1.5,0.908583037074657,0.993888888888889,0.198888888888889,0.949323427964977,1789,1969,179
0.00589429121539263,1.75,0.940031562335613,0.992777777777778,0.126666666666667,0.96568495001351,1787,1901,114
0.00589429121539263,2,0.94291754756871,0.991111111111111,0.12,0.966413867822319,1784,1892,108
0.00589429121539263,2.5,0.951154052603328,0.984444444444444,0.101111111111111,0.967512967512967,1772,1863,91
0.00589429121539263,3,0.951430113329736,0.979444444444444,0.1,0.965234054202026,1763,1853,90
0.00589429121539263,4,0.95264017419706,0.972222222222222,0.0966666666666667,0.962331591971405,1750,1837,87
0.00589429121539263,5,0.953811908736784,0.952222222222222,0.0922222222222222,0.953016402557687,1714,1797,83
0.00589429121539263,7,0.953392330383481,0.897777777777778,0.0877777777777778,0.924749642346209,1616,1695,79
0.00589429121539263,10,0.9521625163827,0.807222222222222,0.0811111111111111,0.873722188815394,1453,1526,73
0.006131800387178,1,0.7117903930131,0.996111111111111,0.798888888888889,0.830284788145404,1793,2519,719
0.006131800387178,1.1,0.788478452066843,0.996111111111111,0.531111111111111,0.880216003927344,1793,2274,478
0.006131800387178,1.25,0.830398517145505,0.995555555555556,0.404444444444444,0.905507832238504,1792,2158,364
0.006131800387178,1.5,0.908583037074657,0.993888888888889,0.198888888888889,0.949323427964977,1789,1969,179
0.006131800387178,1.75,0.940031562335613,0.992777777777778,0.126666666666667,0.96568495001351,1787,1901,114
0.006131800387178,2,0.94291754756871,0.991111111111111,0.12,0.966413867822319,1784,1892,108
0.006131800387178,2.5,0.951154052603328,0.984444444444444,0.101111111111111,0.967512967512967,1772,1863,91
0.006131800387178,3,0.951430113329736,0.979444444444444,0.1,0.965234054202026,1763,1853,90
0.006131800387178,4,0.95264017419706,0.972222222222222,0.0966666666666667,0.962331591971405,1750,1837,87
0.006131800387178,5,0.953811908736784,0.952222222222222,0.0922222222222222,0.953016402557687,1714,1797,83
0.006131800387178,7,0.953392330383481,0.897777777777778,0.0877777777777778,0.924749642346209,1616,1695,79
0.006131800387178,10,0.9521625163827,0.807222222222222,0.0811111111111111,0.873722188815394,1453,1526,73
0.0063357705862338,1,0.718349358974359,0.996111111111111,0.773333333333333,0.834729981378026,1793,2496,696
0.0063357705862338,1.1,0.791611479028698,0.996111111111111,0.521111111111111,0.882164821648216,1793,2265,469
0.0063357705862338,1.25,0.831554524361949,0.995555555555556,0.401111111111111,0.906194690265487,1792,2155,361
0.0063357705862338,1.5,0.909044715447154,0.993888888888889,0.197777777777778,0.949575371549894,1789,1968,178
0.0063357705862338,1.75,0.940031562335613,0.992777777777778,0.126666666666667,0.96568495001351,1787,1901,114
0.0063357705862338,2,0.94291754756871,0.991111111111111,0.12,0.966413867822319,1784,1892,108
0.0063357705862338,2.5,0.951154052603328,0.984444444444444,0.101111111111111,0.967512967512967,1772,1863,91
0.0063357705862338,3,0.951430113329736,0.979444444444444,0.1,0.965234054202026,1763,1853,90
0.0063357705862338,4,0.95264017419706,0.972222222222222,0.0966666666666667,0.962331591971405,1750,1837,87
0.0063357705862338,5,0.953811908736784,0.952222222222222,0.0922222222222222,0.953016402557687,1714,1797,83
0.0063357705862338,7,0.953392330383481,0.897777777777778,0.0877777777777778,0.924749642346209,1616,1695,79
0.0063357705862338,10,0.9521625163827,0.807222222222222,0.0811111111111111,0.873722188815394,1453,1526,73
0.0065439110612361,1,0.725030327537404,0.996111111111111,0.747777777777778,0.839223028317341,1793,2473,673
0.0065439110612361,1.1,0.795827785175322,0.996111111111111,0.507777777777778,0.884776708610906,1793,2253,457
0.0065439110612361,1.25,0.833488372093023,0.995555555555556,0.395555555555556,0.907341772151899,1792,2150,356
0.0065439110612361,1.5,0.909969481180061,0.993888888888889,0.195555555555556,0.950079660116835,1789,1966,176
0.0065439110612361,1.75,0.940526315789474,0.992777777777778,0.125555555555556,0.965945945945946,1787,1900,113
0.0065439110612361,2,0.94291754756871,0.991111111111111,0.12,0.966413867822319,1784,1892,108
0.0065439110612361,2.5,0.951154052603328,0.984444444444444,0.101111111111111,0.967512967512967,1772,1863,91
0.0065439110612361,3,0.951430113329736,0.979444444444444,0.1,0.965234054202026,1763,1853,90
0.0065439110612361,4,0.95264017419706,0.972222222222222,0.0966666666666667,0.962331591971405,1750,1837,87
0.0065439110612361,5,0.953811908736784,0.952222222222222,0.0922222222222222,0.953016402557687,1714,1797,83
0.0065439110612361,7,0.953392330383481,0.897777777777778,0.0877777777777778,0.924749642346209,1616,1695,79
0.0065439110612361,10,0.9521625163827,0.807222222222222,0.0811111111111111,0.873722188815394,1453,1526,73
0.00679388079458471,1,0.731538147694818,0.996111111111111,0.724444444444444,0.843566219713009,1793,2451,652
0.00679388079458471,1.1,0.800446428571429,0.996111111111111,0.493333333333333,0.887623762376238,1793,2240,444
0.00679388079458471,1.25,0.834653004191896,0.995555555555556,0.392222222222222,0.908031416265518,1792,2147,353
0.00679388079458471,1.5,0.909969481180061,0.993888888888889,0.195555555555556,0.950079660116835,1789,1966,176
0.00679388079458471,1.75,0.940526315789474,0.992777777777778,0.125555555555556,0.965945945945946,1787,1900,113
0.00679388079458471,2,0.94291754756871,0.991111111111111,0.12,0.966413867822319,1784,1892,108
0.00679388079458471,2.5,0.951154052603328,0.984444444444444,0.101111111111111,0.967512967512967,1772,1863,91
0.00679388079458471,3,0.951430113329736,0.979444444444444,0.1,0.965234054202026,1763,1853,90
0.00679388079458471,4,0.95264017419706,0.972222222222222,0.0966666666666667,0.962331591971405,1750,1837,87
0.00679388079458471,5,0.953811908736784,0.952222222222222,0.0922222222222222,0.953016402557687,1714,1797,83
0.00679388079458471,7,0.953392330383481,0.897777777777778,0.0877777777777778,0.924749642346209,1616,1695,79
0.00679388079458471,10,0.9521625163827,0.807222222222222,0.0811111111111111,0.873722188815394,1453,1526,73
0.00701167118655752,1,0.738467874794069,0.996111111111111,0.698888888888889,0.848155156102176,1793,2428,629
0.00701167118655752,1.1,0.804035874439462,0.996111111111111,0.482222222222222,0.889826302729529,1793,2230,434
0.00701167118655752,1.25,0.835431235431235,0.995555555555556,0.39,0.908491761723701,1792,2145,351
0.00701167118655752,1.5,0.909969481180061,0.993888888888889,0.195555555555556,0.950079660116835,1789,1966,176
0.00701167118655752,1.75,0.940526315789474,0.992777777777778,0.125555555555556,0.965945945945946,1787,1900,113
0.00701167118655752,2,0.94291754756871,0.991111111111111,0.12,0.966413867822319,1784,1892,108
0.00701167118655752,2.5,0.951154052603328,0.984444444444444,0.101111111111111,0.967512967512967,1772,1863,91
0.00701167118655752,3,0.951430113329736,0.979444444444444,0.1,0.965234054202026,1763,1853,90
0.00701167118655752,4,0.95264017419706,0.972222222222222,0.0966666666666667,0.962331591971405,1750,1837,87
0.00701167118655752,5,0.953811908736784,0.952222222222222,0.0922222222222222,0.953016402557687,1714,1797,83
0.00701167118655752,7,0.953392330383481,0.897777777777778,0.0877777777777778,0.924749642346209,1616,1695,79
0.00701167118655752,10,0.9521625163827,0.807222222222222,0.0811111111111111,0.873722188815394,1453,1526,73
0.00756975878852444,1,0.745530145530146,0.996111111111111,0.674444444444444,0.852794292508918,1793,2405,607
0.00756975878852444,1.1,0.808385933273219,0.996111111111111,0.468888888888889,0.892483822797412,1793,2218,422
0.00756975878852444,1.25,0.838558727187646,0.995555555555556,0.381111111111111,0.910337820675641,1792,2137,343
0.00756975878852444,1.5,0.911824668705403,0.993888888888889,0.191111111111111,0.951089845826688,1789,1962,172
0.00756975878852444,1.75,0.941517386722866,0.992777777777778,0.123333333333333,0.966468361276366,1787,1898,111
0.00756975878852444,2,0.943416181914331,0.991111111111111,0.118888888888889,0.966675697642915,1784,1891,107
0.00756975878852444,2.5,0.951154052603328,0.984444444444444,0.101111111111111,0.967512967512967,1772,1863,91
0.00756975878852444,3,0.951430113329736,0.979444444444444,0.1,0.965234054202026,1763,1853,90
0.00756975878852444,4,0.95264017419706,0.972222222222222,0.0966666666666667,0.962331591971405,1750,1837,87
0.00756975878852444,5,0.953811908736784,0.952222222222222,0.0922222222222222,0.953016402557687,1714,1797,83
0.00756975878852444,7,0.953392330383481,0.897777777777778,0.0877777777777778,0.924749642346209,1616,1695,79
0.00756975878852444,10,0.9521625163827,0.807222222222222,0.0811111111111111,0.873722188815394,1453,1526,73
0.00784313725490196,1,0.752097315436242,0.996111111111111,0.651111111111111,0.857074569789675,1793,2384,586
0.00784313725490196,1.1,0.812415043044857,0.996111111111111,0.456666666666667,0.894933865734964,1793,2207,411
0.00784313725490196,1.25,0.84131455399061,0.995555555555556,0.373333333333333,0.911959287531807,1792,2130,336
0.00784313725490196,1.5,0.911824668705403,0.993888888888889,0.191111111111111,0.951089845826688,1789,1962,172
0.00784313725490196,1.75,0.941517386722866,0.992777777777778,0.123333333333333,0.966468361276366,1787,1898,111
0.00784313725490196,2,0.943416181914331,0.991111111111111,0.118888888888889,0.966675697642915,1784,1891,107
0.00784313725490196,2.5,0.951154052603328,0.984444444444444,0.101111111111111,0.967512967512967,1772,1863,91
0.00784313725490196,3,0.951430113329736,0.979444444444444,0.1,0.965234054202026,1763,1853,90
0.00784313725490196,4,0.95264017419706,0.972222222222222,0.0966666666666667,0.962331591971405,1750,1837,87
0.00784313725490196,5,0.953811908736784,0.952222222222222,0.0922222222222222,0.953016402557687,1714,1797,83
0.00784313725490196,7,0.953392330383481,0.897777777777778,0.0877777777777778,0.924749642346209,1616,1695,79
0.00784313725490196,10,0.9521625163827,0.807222222222222,0.0811111111111111,0.873722188815394,1453,1526,73
0.00801603206412826,1,0.759423972892842,0.996111111111111,0.626666666666667,0.861812064407594,1793,2361,564
0.00801603206412826,1.1,0.817974452554745,0.996111111111111,0.44,0.898296593186373,1793,2192,396
0.00801603206412826,1.25,0.847281323877069,0.995555555555556,0.356666666666667,0.915453384418902,1792,2115,321
0.00801603206412826,1.5,0.912289648138705,0.993888888888889,0.19,0.951342727997873,1789,1961,171
0.00801603206412826,1.75,0.941517386722866,0.992777777777778,0.123333333333333,0.966468361276366,1787,1898,111
0.00801603206412826,2,0.943416181914331,0.991111111111111,0.118888888888889,0.966675697642915,1784,1891,107
0.00801603206412826,2.5,0.951154052603328,0.984444444444444,0.101111111111111,0.967512967512967,1772,1863,91
0.00801603206412826,3,0.951430113329736,0.979444444444444,0.1,0.965234054202026,1763,1853,90
0.00801603206412826,4,0.95264017419706,0.972222222222222,0.0966666666666667,0.962331591971405,1750,1837,87
0.00801603206412826,5,0.953811908736784,0.952222222222222,0.0922222222222222,0.953016402557687,1714,1797,83
0.00801603206412826,7,0.953392330383481,0.897777777777778,0.0877777777777778,0.924749642346209,1616,1695,79
0.00801603206412826,10,0.9521625163827,0.807222222222222,0.0811111111111111,0.873722188815394,1453,1526,73
0.00842105263157895,1,0.766894781864842,0.996111111111111,0.601111111111111,0.866602223296278,1793,2338,541
0.00842105263157895,1.1,0.822099954149473,0.996111111111111,0.427777777777778,0.900778698819392,1793,2181,385
0.00842105263157895,1.25,0.85171102661597,0.995555555555556,0.344444444444444,0.918032786885246,1792,2104,310
0.00842105263157895,1.5,0.912289648138705,0.993888888888889,0.19,0.951342727997873,1789,1961,171
0.00842105263157895,1.75,0.941517386722866,0.992777777777778,0.123333333333333,0.966468361276366,1787,1898,111
0.00842105263157895,2,0.943416181914331,0.991111111111111,0.118888888888889,0.966675697642915,1784,1891,107
0.00842105263157895,2.5,0.951154052603328,0.984444444444444,0.101111111111111,0.967512967512967,1772,1863,91
0.00842105263157895,3,0.951430113329736,0.979444444444444,0.1,0.965234054202026,1763,1853,90
0.00842105263157895,4,0.95264017419706,0.972222222222222,0.0966666666666667,0.962331591971405,1750,1837,87
0.00842105263157895,5,0.953811908736784,0.952222222222222,0.0922222222222222,0.953016402557687,1714,1797,83
0.00842105263157895,7,0.953392330383481,0.897777777777778,0.0877777777777778,0.924749642346209,1616,1695,79
0.00842105263157895,10,0.9521625163827,0.807222222222222,0.0811111111111111,0.873722188815394,1453,1526,73
0.00861751152073733,1,0.77451403887689,0.996111111111111,0.575555555555556,0.871445929526124,1793,2315,518
0.00861751152073733,1.1,0.827029520295203,0.996111111111111,0.413333333333333,0.903729838709677,1793,2168,372
0.00861751152073733,1.25,0.8565965583174,0.995555555555556,0.331111111111111,0.920863309352518,1792,2092,298
0.00861751152073733,1.5,0.912289648138705,0.993888888888889,0.19,0.951342727997873,1789,1961,171
0.00861751152073733,1.75,0.941517386722866,0.992777777777778,0.123333333333333,0.966468361276366,1787,1898,111
0.00861751152073733,2,0.943416181914331,0.991111111111111,0.118888888888889,0.966675697642915,1784,1891,107
0.00861751152073733,2.5,0.951154052603328,0.984444444444444,0.101111111111111,0.967512967512967,1772,1863,91
0.00861751152073733,3,0.951430113329736,0.979444444444444,0.1,0.965234054202026,1763,1853,90
0.00861751152073733,4,0.95264017419706,0.972222222222222,0.0966666666666667,0.962331591971405,1750,1837,87
0.00861751152073733,5,0.953811908736784,0.952222222222222,0.0922222222222222,0.953016402557687,1714,1797,83
0.00861751152073733,7,0.953392330383481,0.897777777777778,0.0877777777777778,0.924749642346209,1616,1695,79
0.00861751152073733,10,0.9521625163827,0.807222222222222,0.0811111111111111,0.873722188815394,1453,1526,73
0.00890268161731321,1,0.782286212914485,0.996111111111111,0.55,0.876344086021505,1793,2292,495
0.00890268161731321,1.1,0.832018561484919,0.996111111111111,0.398888888888889,0.906700379266751,1793,2155,359
0.00890268161731321,1.25,0.861952861952862,0.995555555555556,0.316666666666667,0.923949471513277,1792,2079,285
0.00890268161731321,1.5,0.913221031138336,0.993888888888889,0.187777777777778,0.951848895982974,1789,1959,169
0.00890268161731321,1.75,0.942013705851344,0.992777777777778,0.122222222222222,0.966729780903435,1787,1897,110
0.00890268161731321,2,0.943915343915344,0.991111111111111,0.117777777777778,0.966937669376694,1784,1890,106
0.00890268161731321,2.5,0.951154052603328,0.984444444444444,0.101111111111111,0.967512967512967,1772,1863,91
0.00890268161731321,3,0.951430113329736,0.979444444444444,0.1,0.965234054202026,1763,1853,90
0.00890268161731321,4,0.95264017419706,0.972222222222222,0.0966666666666667,0.962331591971405,1750,1837,87
0.00890268161731321,5,0.953811908736784,0.952222222222222,0.0922222222222222,0.953016402557687,1714,1797,83
0.00890268161731321,7,0.953392330383481,0.897777777777778,0.0877777777777778,0.924749642346209,1616,1695,79
0.00890268161731321,10,0.9521625163827,0.807222222222222,0.0811111111111111,0.873722188815394,1453,1526,73
0.00926388443234191,1,0.79021595416483,0.996111111111111,0.524444444444444,0.881297616121897,1793,2269,472
0.00926388443234191,1.1,0.835507921714818,0.996111111111111,0.388888888888889,0.908768373035986,1793,2146,350
0.00926388443234191,1.25,0.865700483091787,0.995555555555556,0.306666666666667,0.92609819121447,1792,2070,276
0.00926388443234191,1.5,0.914154317833418,0.993888888888889,0.185555555555556,0.952355602874634,1789,1957,167
0.00926388443234191,1.75,0.942013705851344,0.992777777777778,0.122222222222222,0.966729780903435,1787,1897,110
0.00926388443234191,2,0.943915343915344,0.991111111111111,0.117777777777778,0.966937669376694,1784,1890,106
0.00926388443234191,2.5,0.951154052603328,0.984444444444444,0.101111111111111,0.967512967512967,1772,1863,91
0.00926388443234191,3,0.951430113329736,0.979444444444444,0.1,0.965234054202026,1763,1853,90
0.00926388443234191,4,0.95264017419706,0.972222222222222,0.0966666666666667,0.962331591971405,1750,1837,87
0.00926388443234191,5,0.953811908736784,0.952222222222222,0.0922222222222222,0.953016402557687,1714,1797,83
0.00926388443234191,7,0.953392330383481,0.897777777777778,0.0877777777777778,0.924749642346209,1616,1695,79
0.00926388443234191,10,0.9521625163827,0.807222222222222,0.0811111111111111,0.873722188815394,1453,1526,73
0.00965144031019899,1,0.797952825990209,0.996111111111111,0.501111111111111,0.88608846058809,1793,2247,451
0.00965144031019899,1.1,0.838242169237962,0.996111111111111,0.382222222222222,0.91038334602691,1793,2139,344
0.00965144031019899,1.25,0.868637905962191,0.995555555555556,0.3,0.92777633963241,1792,2063,270
0.00965144031019899,1.5,0.914621676891616,0.993888888888889,0.184444444444444,0.952609158679446,1789,1956,166
0.00965144031019899,1.75,0.942013705851344,0.992777777777778,0.122222222222222,0.966729780903435,1787,1897,110
0.00965144031019899,2,0.943915343915344,0.991111111111111,0.117777777777778,0.966937669376694,1784,1890,106
0.00965144031019899,2.5,0.951154052603328,0.984444444444444,0.101111111111111,0.967512967512967,1772,1863,91
0.00965144031019899,3,0.951430113329736,0.979444444444444,0.1,0.965234054202026,1763,1853,90
0.00965144031019899,4,0.95264017419706,0.972222222222222,0.0966666666666667,0.962331591971405,1750,1837,87
0.00965144031019899,5,0.953811908736784,0.952222222222222,0.0922222222222222,0.953016402557687,1714,1797,83
0.00965144031019899,7,0.953392330383481,0.897777777777778,0.0877777777777778,0.924749642346209,1616,1695,79
0.00965144031019899,10,0.9521625163827,0.807222222222222,0.0811111111111111,0.873722188815394,1453,1526,73
0.00986825679541828,1,0.806205035971223,0.996111111111111,0.475555555555556,0.891153081510934,1793,2224,428
0.00986825679541828,1.1,0.841784037558685,0.996111111111111,0.372222222222222,0.912468193384224,1793,2130,335
0.00986825679541828,1.25,0.872444011684518,0.995555555555556,0.29,0.929942916450441,1792,2054,261
0.00986825679541828,1.5,0.915089514066496,0.993888888888889,0.183333333333333,0.952862849533955,1789,1955,165
0.00986825679541828,1.75,0.942013705851344,0.992777777777778,0.122222222222222,0.966729780903435,1787,1897,110
0.00986825679541828,2,0.943915343915344,0.991111111111111,0.117777777777778,0.966937669376694,1784,1890,106
0.00986825679541828,2.5,0.951154052603328,0.984444444444444,0.101111111111111,0.967512967512967,1772,1863,91
0.00986825679541828,3,0.951430113329736,0.979444444444444,0.1,0.965234054202026,1763,1853,90
0.00986825679541828,4,0.95264017419706,0.972222222222222,0.0966666666666667,0.962331591971405,1750,1837,87
0.00986825679541828,5,0.953811908736784,0.952222222222222,0.0922222222222222,0.953016402557687,1714,1797,83
0.00986825679541828,7,0.953392330383481,0.897777777777778,0.0877777777777778,0.924749642346209,1616,1695,79
0.00986825679541828,10,0.9521625163827,0.807222222222222,0.0811111111111111,0.873722188815394,1453,1526,73
0.0101452964305497,1,0.81462971376647,0.996111111111111,0.45,0.896275931017246,1793,2201,405
0.0101452964305497,1.1,0.847353497164461,0.996111111111111,0.356666666666667,0.915730337078652,1793,2116,321
0.0101452964305497,1.25,0.878000979911808,0.995555555555556,0.275555555555556,0.933090341057016,1792,2041,248
0.0101452964305497,1.5,0.915557830092119,0.993888888888889,0.182222222222222,0.953116675546084,1789,1954,164
0.0101452964305497,1.75,0.942013705851344,0.992777777777778,0.122222222222222,0.966729780903435,1787,1897,110
0.0101452964305497,2,0.943915343915344,0.991111111111111,0.117777777777778,0.966937669376694,1784,1890,106
0.0101452964305497,2.5,0.951154052603328,0.984444444444444,0.101111111111111,0.967512967512967,1772,1863,91
0.0101452964305497,3,0.951430113329736,0.979444444444444,0.1,0.965234054202026,1763,1853,90
0.0101452964305497,4,0.95264017419706,0.972222222222222,0.0966666666666667,0.962331591971405,1750,1837,87
0.0101452964305497,5,0.953811908736784,0.952222222222222,0.0922222222222222,0.953016402557687,1714,1797,83
0.0101452964305497,7,0.953392330383481,0.897777777777778,0.0877777777777778,0.924749642346209,1616,1695,79
0.0101452964305497,10,0.9521625163827,0.807222222222222,0.0811111111111111,0.873722188815394,1453,1526,73
0.0104135414997888,1,0.822395594309316,0.995555555555556,0.426666666666667,0.900728826338276,1792,2179,384
0.0104135414997888,1.1,0.851306413301663,0.995555555555556,0.345555555555556,0.917797695262484,1792,2105,311
0.0104135414997888,1.25,0.881397637795276,0.995,0.266666666666667,0.934759916492693,1791,2032,240
0.0104135414997888,1.5,0.916495901639344,0.993888888888889,0.18,0.95362473347548,1789,1952,162
0.0104135414997888,1.75,0.942013705851344,0.992777777777778,0.122222222222222,0.966729780903435,1787,1897,110
0.0104135414997888,2,0.943915343915344,0.991111111111111,0.117777777777778,0.966937669376694,1784,1890,106
0.0104135414997888,2.5,0.951154052603328,0.984444444444444,0.101111111111111,0.967512967512967,1772,1863,91
0.0104135414997888,3,0.951430113329736,0.979444444444444,0.1,0.965234054202026,1763,1853,90
0.0104135414997888,4,0.95264017419706,0.972222222222222,0.0966666666666667,0.962331591971405,1750,1837,87
0.0104135414997888,5,0.953811908736784,0.952222222222222,0.0922222222222222,0.953016402557687,1714,1797,83
0.0104135414997888,7,0.953392330383481,0.897777777777778,0.0877777777777778,0.924749642346209,1616,1695,79
0.0104135414997888,10,0.9521625163827,0.807222222222222,0.0811111111111111,0.873722188815394,1453,1526,73
0.0105485232067511,1,0.829550717924965,0.995,0.405555555555556,0.904773932811316,1791,2159,365
0.0105485232067511,1.1,0.856527977044476,0.995,0.331111111111111,0.920585967617579,1791,2091,298
0.0105485232067511,1.25,0.886138613861386,0.994444444444444,0.254444444444444,0.93717277486911,1790,2020,229
0.0105485232067511,1.5,0.918335901386749,0.993333333333333,0.175555555555556,0.954363490792634,1788,1947,158
0.0105485232067511,1.75,0.941983122362869,0.992222222222222,0.122222222222222,0.966450216450216,1786,1896,110
0.0105485232067511,2,0.943915343915344,0.991111111111111,0.117777777777778,0.966937669376694,1784,1890,106
0.0105485232067511,2.5,0.951154052603328,0.984444444444444,0.101111111111111,0.967512967512967,1772,1863,91
0.0105485232067511,3,0.951430113329736,0.979444444444444,0.1,0.965234054202026,1763,1853,90
0.0105485232067511,4,0.95264017419706,0.972222222222222,0.0966666666666667,0.962331591971405,1750,1837,87
0.0105485232067511,5,0.953811908736784,0.952222222222222,0.0922222222222222,0.953016402557687,1714,1797,83
0.0105485232067511,7,0.953392330383481,0.897777777777778,0.0877777777777778,0.924749642346209,1616,1695,79
0.0105485232067511,10,0.9521625163827,0.807222222222222,0.0811111111111111,0.873722188815394,1453,1526,73
0.0108237584498847,1,0.839662447257384,0.995,0.376666666666667,0.910755148741419,1791,2133,339
0.0108237584498847,1.1,0.864799613713182,0.995,0.308888888888889,0.92534228881426,1791,2071,278
0.0108237584498847,1.25,0.893659510733899,0.994444444444444,0.235555555555556,0.941362082566395,1790,2003,212
0.0108237584498847,1.5,0.919753086419753,0.993333333333333,0.172222222222222,0.955128205128205,1788,1944,155
0.0108237584498847,1.75,0.941983122362869,0.992222222222222,0.122222222222222,0.966450216450216,1786,1896,110
0.0108237584498847,2,0.943915343915344,0.991111111111111,0.117777777777778,0.966937669376694,1784,1890,106
0.0108237584498847,2.5,0.951154052603328,0.984444444444444,0.101111111111111,0.967512967512967,1772,1863,91
0.0108237584498847,3,0.951430113329736,0.979444444444444,0.1,0.965234054202026,1763,1853,90
0.0108237584498847,4,0.95264017419706,0.972222222222222,0.0966666666666667,0.962331591971405,1750,1837,87
0.0108237584498847,5,0.953811908736784,0.952222222222222,0.0922222222222222,0.953016402557687,1714,1797,83
0.0108237584498847,7,0.953392330383481,0.897777777777778,0.0877777777777778,0.924749642346209,1616,1695,79
0.0108237584498847,10,0.9521625163827,0.807222222222222,0.0811111111111111,0.873722188815394,1453,1526,73
0.0110836280249739,1,0.848413074372335,0.995,0.353333333333333,0.915878291996932,1791,2111,318
0.0110836280249739,1.1,0.871108949416342,0.995,0.292222222222222,0.928941908713693,1791,2056,263
0.0110836280249739,1.25,0.897693079237713,0.994444444444444,0.225555555555556,0.943595150237217,1790,1994,203
0.0110836280249739,1.5,0.920700308959835,0.993333333333333,0.17,0.955638695884554,1788,1942,153
0.0110836280249739,1.75,0.941983122362869,0.992222222222222,0.122222222222222,0.966450216450216,1786,1896,110
0.0110836280249739,2,0.943915343915344,0.991111111111111,0.117777777777778,0.966937669376694,1784,1890,106
0.0110836280249739,2.5,0.951154052603328,0.984444444444444,0.101111111111111,0.967512967512967,1772,1863,91
0.0110836280249739,3,0.951430113329736,0.979444444444444,0.1,0.965234054202026,1763,1853,90
0.0110836280249739,4,0.95264017419706,0.972222222222222,0.0966666666666667,0.962331591971405,1750,1837,87
0.0110836280249739,5,0.953811908736784,0.952222222222222,0.0922222222222222,0.953016402557687,1714,1797,83
0.0110836280249739,7,0.953392330383481,0.897777777777778,0.0877777777777778,0.924749642346209,1616,1695,79
0.0110836280249739,10,0.9521625163827,0.807222222222222,0.0811111111111111,0.873722188815394,1453,1526,73
0.0113399793259639,1,0.857758620689655,0.995,0.327777777777778,0.921296296296296,1791,2088,295
0.0113399793259639,1.1,0.876651982378855,0.995,0.277777777777778,0.932084309133489,1791,2043,250
0.0113399793259639,1.25,0.90176322418136,0.994444444444444,0.215555555555556,0.945838837516513,1790,1985,194
0.0113399793259639,1.5,0.921649484536082,0.993333333333333,0.167777777777778,0.956149732620321,1788,1940,151
0.0113399793259639,1.75,0.941983122362869,0.992222222222222,0.122222222222222,0.966450216450216,1786,1896,110
0.0113399793259639,2,0.943915343915344,0.991111111111111,0.117777777777778,0.966937669376694,1784,1890,106
0.0113399793259639,2.5,0.951154052603328,0.984444444444444,0.101111111111111,0.967512967512967,1772,1863,91
0.0113399793259639,3,0.951430113329736,0.979444444444444,0.1,0.965234054202026,1763,1853,90
0.0113399793259639,4,0.95264017419706,0.972222222222222,0.0966666666666667,0.962331591971405,1750,1837,87
0.0113399793259639,5,0.953811908736784,0.952222222222222,0.0922222222222222,0.953016402557687,1714,1797,83
0.0113399793259639,7,0.953392330383481,0.897777777777778,0.0877777777777778,0.924749642346209,1616,1695,79
0.0113399793259639,10,0.9521625163827,0.807222222222222,0.0811111111111111,0.873722188815394,1453,1526,73
0.0116731517509728,1,0.866892545982575,0.995,0.304444444444444,0.926539058458355,1791,2066,274
0.0116731517509728,1.1,0.884881422924901,0.995,0.257777777777778,0.936715481171548,1791,2024,232
0.0116731517509728,1.25,0.906788247213779,0.994444444444444,0.204444444444444,0.948595654478007,1790,1974,184
0.0116731517509728,1.5,0.923076923076923,0.993333333333333,0.165555555555556,0.956917313352957,1788,1937,149
0.0116731517509728,1.75,0.942480211081794,0.992222222222222,0.121111111111111,0.966711772665765,1786,1895,109
0.0116731517509728,2,0.944415034409741,0.991111111111111,0.116666666666667,0.967199783139062,1784,1889,105
0.0116731517509728,2.5,0.951154052603328,0.984444444444444,0.101111111111111,0.967512967512967,1772,1863,91
0.0116731517509728,3,0.951430113329736,0.979444444444444,0.1,0.965234054202026,1763,1853,90
0.0116731517509728,4,0.95264017419706,0.972222222222222,0.0966666666666667,0.962331591971405,1750,1837,87
0.0116731517509728,5,0.953811908736784,0.952222222222222,0.0922222222222222,0.953016402557687,1714,1797,83
0.0116731517509728,7,0.953392330383481,0.897777777777778,0.0877777777777778,0.924749642346209,1616,1695,79
0.0116731517509728,10,0.9521625163827,0.807222222222222,0.0811111111111111,0.873722188815394,1453,1526,73
0.0119718779989988,1,0.876651982378855,0.995,0.278888888888889,0.932084309133489,1791,2043,251
0.0119718779989988,1.1,0.890601690701144,0.995,0.243333333333333,0.939910784570979,1791,2011,219
0.0119718779989988,1.25,0.911869587366276,0.994444444444444,0.192222222222222,0.951368588891842,1790,1963,173
0.0119718779989988,1.5,0.92594510616261,0.993333333333333,0.158888888888889,0.958456177968373,1788,1931,143
0.0119718779989988,1.75,0.942480211081794,0.992222222222222,0.121111111111111,0.966711772665765,1786,1895,109
0.0119718779989988,2,0.944415034409741,0.991111111111111,0.116666666666667,0.967199783139062,1784,1889,105
0.0119718779989988,2.5,0.951154052603328,0.984444444444444,0.101111111111111,0.967512967512967,1772,1863,91
0.0119718779989988,3,0.951430113329736,0.979444444444444,0.1,0.965234054202026,1763,1853,90
0.0119718779989988,4,0.95264017419706,0.972222222222222,0.0966666666666667,0.962331591971405,1750,1837,87
0.0119718779989988,5,0.953811908736784,0.952222222222222,0.0922222222222222,0.953016402557687,1714,1797,83
0.0119718779989988,7,0.953392330383481,0.897777777777778,0.0877777777777778,0.924749642346209,1616,1695,79
0.0119718779989988,10,0.9521625163827,0.807222222222222,0.0811111111111111,0.873722188815394,1453,1526,73
0.0124069478908189,1,0.885700148441366,0.994444444444444,0.255555555555556,0.936927505888511,1790,2021,230
0.0124069478908189,1.1,0.89904570567554,0.994444444444444,0.222222222222222,0.94434186230546,1790,1991,200
0.0124069478908189,1.25,0.916026625704045,0.993888888888889,0.182222222222222,0.953370636823874,1789,1953,164
0.0124069478908189,1.5,0.929277171086843,0.992777777777778,0.151111111111111,0.959978511952726,1787,1923,136
0.0124069478908189,1.75,0.942947702060222,0.991666666666667,0.12,0.966693744922827,1785,1893,108
0.0124069478908189,2,0.944886062533121,0.990555555555556,0.115555555555556,0.967181990778411,1783,1887,104
0.0124069478908189,2.5,0.951127819548872,0.983888888888889,0.101111111111111,0.967231021299836,1771,1862,91
0.0124069478908189,3,0.951403887688985,0.978888888888889,0.1,0.964950711938664,1762,1852,90
0.0124069478908189,4,0.95264017419706,0.972222222222222,0.0966666666666667,0.962331591971405,1750,1837,87
0.0124069478908189,5,0.953811908736784,0.952222222222222,0.0922222222222222,0.953016402557687,1714,1797,83
0.0124069478908189,7,0.953392330383481,0.897777777777778,0.0877777777777778,0.924749642346209,1616,1695,79
0.0124069478908189,10,0.9521625163827,0.807222222222222,0.0811111111111111,0.873722188815394,1453,1526,73
0.012847965738758,1,0.895895895895896,0.994444444444444,0.231111111111111,0.942601369141653,1790,1998,208
0.012847965738758,1.1,0.906329113924051,0.994444444444444,0.205555555555556,0.948344370860927,1790,1975,185
0.012847965738758,1.25,0.921689850592478,0.993888888888889,0.168888888888889,0.956428762363005,1789,1941,152
0.012847965738758,1.5,0.932185706833594,0.992777777777778,0.144444444444444,0.961528114070487,1787,1917,130
0.012847965738758,1.75,0.943945002644104,0.991666666666667,0.117777777777778,0.967217556217827,1785,1891,106
0.012847965738758,2,0.945888594164456,0.990555555555556,0.113333333333333,0.967706919945726,1783,1885,102
0.012847965738758,2.5,0.951127819548872,0.983888888888889,0.101111111111111,0.967231021299836,1771,1862,91
0.012847965738758,3,0.951403887688985,0.978888888888889,0.1,0.964950711938664,1762,1852,90
0.012847965738758,4,0.95264017419706,0.972222222222222,0.0966666666666667,0.962331591971405,1750,1837,87
0.012847965738758,5,0.953811908736784,0.952222222222222,0.0922222222222222,0.953016402557687,1714,1797,83
0.012847965738758,7,0.953392330383481,0.897777777777778,0.0877777777777778,0.924749642346209,1616,1695,79
0.012847965738758,10,0.9521625163827,0.807222222222222,0.0811111111111111,0.873722188815394,1453,1526,73
0.0133876184103931,1,0.906329113924051,0.994444444444444,0.205555555555556,0.948344370860927,1790,1975,185
0.0133876184103931,1.1,0.912799592044875,0.994444444444444,0.19,0.951874501462377,1790,1961,171
0.0133876184103931,1.25,0.925025853154085,0.993888888888889,0.161111111111111,0.958221746116765,1789,1934,145
0.0133876184103931,1.5,0.934623430962343,0.992777777777778,0.138888888888889,0.962823275862069,1787,1912,125
0.0133876184103931,1.75,0.944444444444444,0.991666666666667,0.116666666666667,0.967479674796748,1785,1890,105
0.0133876184103931,2,0.946390658174098,0.990555555555556,0.112222222222222,0.967969598262758,1783,1884,101
0.0133876184103931,2.5,0.951127819548872,0.983888888888889,0.101111111111111,0.967231021299836,1771,1862,91
0.0133876184103931,3,0.951403887688985,0.978888888888889,0.1,0.964950711938664,1762,1852,90
0.0133876184103931,4,0.95264017419706,0.972222222222222,0.0966666666666667,0.962331591971405,1750,1837,87
0.0133876184103931,5,0.953811908736784,0.952222222222222,0.0922222222222222,0.953016402557687,1714,1797,83
0.0133876184103931,7,0.953392330383481,0.897777777777778,0.0877777777777778,0.924749642346209,1616,1695,79
0.0133876184103931,10,0.9521625163827,0.807222222222222,0.0811111111111111,0.873722188815394,1453,1526,73
0.0137931034482759,1,0.915557830092119,0.993888888888889,0.183333333333333,0.953116675546084,1789,1954,165
0.0137931034482759,1.1,0.919794344473008,0.993888888888889,0.173333333333333,0.955407209612817,1789,1945,156
0.0137931034482759,1.25,0.928831168831169,0.993333333333333,0.152222222222222,0.96,1788,1925,137
0.0137931034482759,1.5,0.93753280839895,0.992222222222222,0.132222222222222,0.964102564102564,1786,1905,119
0.0137931034482759,1.75,0.944915254237288,0.991111111111111,0.115555555555556,0.967462039045553,1784,1888,104
0.0137931034482759,2,0.946865037194474,0.99,0.111111111111111,0.967952199891363,1782,1882,100
0.0137931034482759,2.5,0.951101558301988,0.983333333333333,0.101111111111111,0.96694892105982,1770,1861,91
0.0137931034482759,3,0.951377633711507,0.978333333333333,0.1,0.964667214461791,1761,1851,90
0.0137931034482759,4,0.95264017419706,0.972222222222222,0.0966666666666667,0.962331591971405,1750,1837,87
0.0137931034482759,5,0.953811908736784,0.952222222222222,0.0922222222222222,0.953016402557687,1714,1797,83
0.0137931034482759,7,0.953392330383481,0.897777777777778,0.0877777777777778,0.924749642346209,1616,1695,79
0.0137931034482759,10,0.9521625163827,0.807222222222222,0.0811111111111111,0.873722188815394,1453,1526,73
0.0145601685747671,1,0.926386728875065,0.992777777777778,0.157777777777778,0.958433896486994,1787,1929,142
0.0145601685747671,1.1,0.927829698857736,0.992777777777778,0.154444444444444,0.959205582393988,1787,1926,139
0.0145601685747671,1.25,0.933646812957158,0.992777777777778,0.141111111111111,0.96230479267636,1787,1914,127
0.0145601685747671,1.5,0.940959409594096,0.991666666666667,0.124444444444444,0.965647822558832,1785,1897,112
0.0145601685747671,1.75,0.946390658174098,0.990555555555556,0.112222222222222,0.967969598262758,1783,1884,101
0.0145601685747671,2,0.947844598190527,0.989444444444444,0.108888888888889,0.968197879858657,1781,1879,98
0.0145601685747671,2.5,0.951101558301988,0.983333333333333,0.101111111111111,0.96694892105982,1770,1861,91
0.0145601685747671,3,0.951377633711507,0.978333333333333,0.1,0.964667214461791,1761,1851,90
0.0145601685747671,4,0.95264017419706,0.972222222222222,0.0966666666666667,0.962331591971405,1750,1837,87
0.0145601685747671,5,0.953811908736784,0.952222222222222,0.0922222222222222,0.953016402557687,1714,1797,83
0.0145601685747671,7,0.953392330383481,0.897777777777778,0.0877777777777778,0.924749642346209,1616,1695,79
0.0145601685747671,10,0.9521625163827,0.807222222222222,0.0811111111111111,0.873722188815394,1453,1526,73
0.0156684156503746,1,0.936549554273728,0.992222222222222,0.134444444444444,0.963582411653628,1786,1907,121
0.0156684156503746,1.1,0.936549554273728,0.992222222222222,0.134444444444444,0.963582411653628,1786,1907,121
0.0156684156503746,1.25,0.938518129269574,0.992222222222222,0.13,0.9646232784229,1786,1903,117
0.0156684156503746,1.5,0.944915254237288,0.991111111111111,0.115555555555556,0.967462039045553,1784,1888,104
0.0156684156503746,1.75,0.947872340425532,0.99,0.108888888888889,0.968478260869565,1782,1880,98
0.0156684156503746,2,0.948827292110874,0.988888888888889,0.106666666666667,0.968443960826986,1780,1876,96
0.0156684156503746,2.5,0.951101558301988,0.983333333333333,0.101111111111111,0.96694892105982,1770,1861,91
0.0156684156503746,3,0.951377633711507,0.978333333333333,0.1,0.964667214461791,1761,1851,90
0.0156684156503746,4,0.95264017419706,0.972222222222222,0.0966666666666667,0.962331591971405,1750,1837,87
0.0156684156503746,5,0.953811908736784,0.952222222222222,0.0922222222222222,0.953016402557687,1714,1797,83
0.0156684156503746,7,0.953392330383481,0.897777777777778,0.0877777777777778,0.924749642346209,1616,1695,79
0.0156684156503746,10,0.9521625163827,0.807222222222222,0.0811111111111111,0.873722188815394,1453,1526,73
0.0171382481091786,1,0.945859872611465,0.99,0.113333333333333,0.96742671009772,1782,1884,102
0.0171382481091786,1.1,0.945859872611465,0.99,0.113333333333333,0.96742671009772,1782,1884,102
0.0171382481091786,1.25,0.946362187997876,0.99,0.112222222222222,0.967689383654629,1782,1883,101
0.0171382481091786,1.5,0.949360341151386,0.989444444444444,0.105555555555556,0.9689880304679,1781,1876,95
0.0171382481091786,1.75,0.950320512820513,0.988333333333333,0.103333333333333,0.968954248366013,1779,1872,93
0.0171382481091786,2,0.950802139037433,0.987777777777778,0.102222222222222,0.968937329700272,1778,1870,92
0.0171382481091786,2.5,0.951612903225806,0.983333333333333,0.1,0.967213114754098,1770,1860,90
0.0171382481091786,3,0.951377633711507,0.978333333333333,0.1,0.964667214461791,1761,1851,90
0.0171382481091786,4,0.95264017419706,0.972222222222222,0.0966666666666667,0.962331591971405,1750,1837,87
0.0171382481091786,5,0.953811908736784,0.952222222222222,0.0922222222222222,0.953016402557687,1714,1797,83
0.0171382481091786,7,0.953392330383481,0.897777777777778,0.0877777777777778,0.924749642346209,1616,1695,79
0.0171382481091786,10,0.9521625163827,0.807222222222222,0.0811111111111111,0.873722188815394,1453,1526,73
0.026055202365982,1,0.951638903815153,0.983888888888889,0.1,0.967495219885277,1771,1861,90
0.026055202365982,1.1,0.951638903815153,0.983888888888889,0.1,0.967495219885277,1771,1861,90
0.026055202365982,1.25,0.951638903815153,0.983888888888889,0.1,0.967495219885277,1771,1861,90
0.026055202365982,1.5,0.951638903815153,0.983888888888889,0.1,0.967495219885277,1771,1861,90
0.026055202365982,1.75,0.951638903815153,0.983888888888889,0.1,0.967495219885277,1771,1861,90
0.026055202365982,2,0.951612903225806,0.983333333333333,0.1,0.967213114754098,1770,1860,90
0.026055202365982,2.5,0.951508620689655,0.981111111111111,0.1,0.966083150984683,1766,1856,90
0.026055202365982,3,0.951351351351351,0.977777777777778,0.1,0.964383561643836,1760,1850,90
0.026055202365982,4,0.95264017419706,0.972222222222222,0.0966666666666667,0.962331591971405,1750,1837,87
0.026055202365982,5,0.953811908736784,0.952222222222222,0.0922222222222222,0.953016402557687,1714,1797,83
0.026055202365982,7,0.953392330383481,0.897777777777778,0.0877777777777778,0.924749642346209,1616,1695,79
0.026055202365982,10,0.9521625163827,0.807222222222222,0.0811111111111111,0.873722188815394,1453,1526,73
0.0344132794183505,1,0.951604132680805,0.972222222222222,0.0988888888888889,0.961802693047541,1750,1839,89
0.0344132794183505,1.1,0.951604132680805,0.972222222222222,0.0988888888888889,0.961802693047541,1750,1839,89
0.0344132794183505,1.25,0.951604132680805,0.972222222222222,0.0988888888888889,0.961802693047541,1750,1839,89
0.0344132794183505,1.5,0.951604132680805,0.972222222222222,0.0988888888888889,0.961802693047541,1750,1839,89
0.0344132794183505,1.75,0.951604132680805,0.972222222222222,0.0988888888888889,0.961802693047541,1750,1839,89
0.0344132794183505,2,0.951604132680805,0.972222222222222,0.0988888888888889,0.961802693047541,1750,1839,89
0.0344132794183505,2.5,0.951551442569407,0.971111111111111,0.0988888888888889,0.961231784437723,1748,1837,89
0.0344132794183505,3,0.95149863760218,0.97,0.0988888888888889,0.960660247592847,1746,1835,89
0.0344132794183505,4,0.952380952380952,0.966666666666667,0.0966666666666667,0.959470636889992,1740,1827,87
0.0344132794183505,5,0.953683035714286,0.949444444444444,0.0922222222222222,0.951559020044544,1709,1792,83
0.0344132794183505,7,0.953309692671395,0.896111111111111,0.0877777777777778,0.923825887743413,1613,1692,79
0.0344132794183505,10,0.9521625163827,0.807222222222222,0.0811111111111111,0.873722188815394,1453,1526,73
0.0462245207448949,1,0.951541850220264,0.96,0.0977777777777778,0.955752212389381,1728,1816,88
0.0462245207448949,1.1,0.951541850220264,0.96,0.0977777777777778,0.955752212389381,1728,1816,88
0.0462245207448949,1.25,0.951541850220264,0.96,0.0977777777777778,0.955752212389381,1728,1816,88
0.0462245207448949,1.5,0.951541850220264,0.96,0.0977777777777778,0.955752212389381,1728,1816,88
0.0462245207448949,1.75,0.951541850220264,0.96,0.0977777777777778,0.955752212389381,1728,1816,88
0.0462245207448949,2,0.951541850220264,0.96,0.0977777777777778,0.955752212389381,1728,1816,88
0.0462245207448949,2.5,0.951541850220264,0.96,0.0977777777777778,0.955752212389381,1728,1816,88
0.0462245207448949,3,0.951515151515152,0.959444444444444,0.0977777777777778,0.955463347164592,1727,1815,88
0.0462245207448949,4,0.952459922609176,0.957222222222222,0.0955555555555556,0.954835134386257,1723,1809,86
0.0462245207448949,5,0.953854811480022,0.941666666666667,0.0911111111111111,0.947721554375175,1695,1777,82
0.0462245207448949,7,0.953115727002967,0.892222222222222,0.0877777777777778,0.921664275466284,1606,1685,79
0.0462245207448949,10,0.952131147540984,0.806666666666667,0.0811111111111111,0.873383458646617,1452,1525,73
0.0536771615722264,1,0.950920245398773,0.947222222222222,0.0977777777777778,0.949067631505706,1705,1793,88
0.0536771615722264,1.1,0.950920245398773,0.947222222222222,0.0977777777777778,0.949067631505706,1705,1793,88
0.0536771615722264,1.25,0.950920245398773,0.947222222222222,0.0977777777777778,0.949067631505706,1705,1793,88
0.0536771615722264,1.5,0.950920245398773,0.947222222222222,0.0977777777777778,0.949067631505706,1705,1793,88
0.0536771615722264,1.75,0.950920245398773,0.947222222222222,0.0977777777777778,0.949067631505706,1705,1793,88
0.0536771615722264,2,0.950920245398773,0.947222222222222,0.0977777777777778,0.949067631505706,1705,1793,88
0.0536771615722264,2.5,0.950920245398773,0.947222222222222,0.0977777777777778,0.949067631505706,1705,1793,88
0.0536771615722264,3,0.950892857142857,0.946666666666667,0.0977777777777778,0.948775055679287,1704,1792,88
0.0536771615722264,4,0.951847704367301,0.944444444444444,0.0955555555555556,0.948131622978249,1700,1786,86
0.0536771615722264,5,0.953541076487252,0.935,0.0911111111111111,0.944179523141655,1683,1765,82
0.0536771615722264,7,0.952892069171139,0.887777777777778,0.0877777777777778,0.919183203911418,1598,1677,79
0.0536771615722264,10,0.952068286277085,0.805555555555556,0.0811111111111111,0.872705386698766,1450,1523,73
0.0577665818408149,1,0.950310559006211,0.935,0.0977777777777778,0.942593111173341,1683,1771,88
0.0577665818408149,1.1,0.950310559006211,0.935,0.0977777777777778,0.942593111173341,1683,1771,88
0.0577665818408149,1.25,0.950310559006211,0.935,0.0977777777777778,0.942593111173341,1683,1771,88
0.0577665818408149,1.5,0.950310559006211,0.935,0.0977777777777778,0.942593111173341,1683,1771,88
0.0577665818408149,1.75,0.950310559006211,0.935,0.0977777777777778,0.942593111173341,1683,1771,88
0.0577665818408149,2,0.950310559006211,0.935,0.0977777777777778,0.942593111173341,1683,1771,88
0.0577665818408149,2.5,0.950310559006211,0.935,0.0977777777777778,0.942593111173341,1683,1771,88
0.0577665818408149,3,0.950282485875706,0.934444444444444,0.0977777777777778,0.942296918767507,1682,1770,88
0.0577665818408149,4,0.951302378255946,0.933333333333333,0.0955555555555556,0.942232192933259,1680,1766,86
0.0577665818408149,5,0.953116066323613,0.926111111111111,0.0911111111111111,0.93941955480417,1667,1749,82
0.0577665818408149,7,0.952666267225884,0.883333333333333,0.0877777777777778,0.916690688959354,1590,1669,79
0.0577665818408149,10,0.951973684210526,0.803888888888889,0.0811111111111111,0.871686746987952,1447,1520,73
0.0642270705073473,1,0.949656750572082,0.922222222222222,0.0977777777777778,0.935738444193912,1660,1748,88
0.0642270705073473,1.1,0.949656750572082,0.922222222222222,0.0977777777777778,0.935738444193912,1660,1748,88
0.0642270705073473,1.25,0.949656750572082,0.922222222222222,0.0977777777777778,0.935738444193912,1660,1748,88
0.0642270705073473,1.5,0.949656750572082,0.922222222222222,0.0977777777777778,0.935738444193912,1660,1748,88
0.0642270705073473,1.75,0.949656750572082,0.922222222222222,0.0977777777777778,0.935738444193912,1660,1748,88
0.0642270705073473,2,0.949656750572082,0.922222222222222,0.0977777777777778,0.935738444193912,1660,1748,88
0.0642270705073473,2.5,0.949656750572082,0.922222222222222,0.0977777777777778,0.935738444193912,1660,1748,88
0.0642270705073473,3,0.949627933600458,0.921666666666667,0.0977777777777778,0.935438398646744,1659,1747,88
0.0642270705073473,4,0.950659781985083,0.920555555555556,0.0955555555555556,0.935365509455264,1657,1743,86
0.0642270705073473,5,0.952655889145496,0.916666666666667,0.0911111111111111,0.934314835787089,1650,1732,82
0.0642270705073473,7,0.952466907340554,0.879444444444444,0.0877777777777778,0.914500288850376,1583,1662,79
0.0642270705073473,10,0.95194206714944,0.803333333333333,0.0811111111111111,0.871346791202169,1446,1519,73
0.0677421580706705,1,0.949565217391304,0.91,0.0966666666666667,0.92936170212766,1638,1725,87
0.0677421580706705,1.1,0.949565217391304,0.91,0.0966666666666667,0.92936170212766,1638,1725,87
0.0677421580706705,1.25,0.949565217391304,0.91,0.0966666666666667,0.92936170212766,1638,1725,87
0.0677421580706705,1.5,0.949565217391304,0.91,0.0966666666666667,0.92936170212766,1638,1725,87
0.0677421580706705,1.75,0.949565217391304,0.91,0.0966666666666667,0.92936170212766,1638,1725,87
0.0677421580706705,2,0.949565217391304,0.91,0.0966666666666667,0.92936170212766,1638,1725,87
0.0677421580706705,2.5,0.949565217391304,0.91,0.0966666666666667,0.92936170212766,1638,1725,87
0.0677421580706705,3,0.94953596287703,0.909444444444444,0.0966666666666667,0.92905788876277,1637,1724,87
0.0677421580706705,4,0.950029052876235,0.908333333333333,0.0955555555555556,0.928713433683613,1635,1721,86
0.0677421580706705,5,0.952130764740222,0.906111111111111,0.0911111111111111,0.928551095929405,1631,1713,82
0.0677421580706705,7,0.952179176755448,0.873888888888889,0.0877777777777778,0.91135573580533,1573,1652,79
0.0677421580706705,10,0.951751487111699,0.8,0.0811111111111111,0.869302746755207,1440,1513,73
0.0715557806636755,1,0.948913681738109,0.897777777777778,0.0966666666666667,0.922637739080788,1616,1703,87
0.0715557806636755,1.1,0.948913681738109,0.897777777777778,0.0966666666666667,0.922637739080788,1616,1703,87
0.0715557806636755,1.25,0.948913681738109,0.897777777777778,0.0966666666666667,0.922637739080788,1616,1703,87
0.0715557806636755,1.5,0.948913681738109,0.897777777777778,0.0966666666666667,0.922637739080788,1616,1703,87
0.0715557806636755,1.75,0.948913681738109,0.897777777777778,0.0966666666666667,0.922637739080788,1616,1703,87
0.0715557806636755,2,0.948913681738109,0.897777777777778,0.0966666666666667,0.922637739080788,1616,1703,87
0.0715557806636755,2.5,0.948913681738109,0.897777777777778,0.0966666666666667,0.922637739080788,1616,1703,87
0.0715557806636755,3,0.948913681738109,0.897777777777778,0.0966666666666667,0.922637739080788,1616,1703,87
0.0715557806636755,4,0.949411764705882,0.896666666666667,0.0955555555555556,0.922285714285714,1614,1700,86
0.0715557806636755,5,0.95159386068477,0.895555555555556,0.0911111111111111,0.922724670864339,1612,1694,82
0.0715557806636755,7,0.951829268292683,0.867222222222222,0.0877777777777778,0.907558139534884,1561,1640,79
0.0715557806636755,10,0.95159151193634,0.797222222222222,0.0811111111111111,0.867593712212817,1435,1508,73
0.0747941879207074,1,0.948214285714286,0.885,0.0966666666666667,0.91551724137931,1593,1680,87
0.0747941879207074,1.1,0.948214285714286,0.885,0.0966666666666667,0.91551724137931,1593,1680,87
0.0747941879207074,1.25,0.948214285714286,0.885,0.0966666666666667,0.91551724137931,1593,1680,87
0.0747941879207074,1.5,0.948214285714286,0.885,0.0966666666666667,0.91551724137931,1593,1680,87
0.0747941879207074,1.75,0.948214285714286,0.885,0.0966666666666667,0.91551724137931,1593,1680,87
0.0747941879207074,2,0.948214285714286,0.885,0.0966666666666667,0.91551724137931,1593,1680,87
0.0747941879207074,2.5,0.948214285714286,0.885,0.0966666666666667,0.91551724137931,1593,1680,87
0.0747941879207074,3,0.948214285714286,0.885,0.0966666666666667,0.91551724137931,1593,1680,87
0.0747941879207074,4,0.948717948717949,0.883888888888889,0.0955555555555556,0.915156744319816,1591,1677,86
0.0747941879207074,5,0.950927588270497,0.882777777777778,0.0911111111111111,0.915586286372803,1589,1671,82
0.0747941879207074,7,0.951294697903822,0.857222222222222,0.0877777777777778,0.901811805961426,1543,1622,79
0.0747941879207074,10,0.951170568561873,0.79,0.0811111111111111,0.863125948406677,1422,1495,73
0.0782141068127205,1,0.947495473747737,0.872222222222222,0.0966666666666667,0.908301995950246,1570,1657,87
0.0782141068127205,1.1,0.947495473747737,0.872222222222222,0.0966666666666667,0.908301995950246,1570,1657,87
0.0782141068127205,1.25,0.947495473747737,0.872222222222222,0.0966666666666667,0.908301995950246,1570,1657,87
0.0782141068127205,1.5,0.947495473747737,0.872222222222222,0.0966666666666667,0.908301995950246,1570,1657,87
0.0782141068127205,1.75,0.947495473747737,0.872222222222222,0.0966666666666667,0.908301995950246,1570,1657,87
0.0782141068127205,2,0.947495473747737,0.872222222222222,0.0966666666666667,0.908301995950246,1570,1657,87
0.0782141068127205,2.5,0.947495473747737,0.872222222222222,0.0966666666666667,0.908301995950246,1570,1657,87
0.0782141068127205,3,0.947495473747737,0.872222222222222,0.0966666666666667,0.908301995950246,1570,1657,87
0.0782141068127205,4,0.948004836759371,0.871111111111111,0.0955555555555556,0.90793283149971,1568,1654,86
0.0782141068127205,5,0.950242718446602,0.87,0.0911111111111111,0.908352668213457,1566,1648,82
0.0782141068127205,7,0.950717404865877,0.846666666666667,0.0877777777777778,0.895680282104026,1524,1603,79
0.0782141068127205,10,0.950874831763122,0.785,0.0811111111111111,0.860012172854534,1413,1486,73
0.0805486348923143,1,0.947400611620795,0.860555555555556,0.0955555555555556,0.901892285298399,1549,1635,86
0.0805486348923143,1.1,0.947400611620795,0.860555555555556,0.0955555555555556,0.901892285298399,1549,1635,86
0.0805486348923143,1.25,0.947400611620795,0.860555555555556,0.0955555555555556,0.901892285298399,1549,1635,86
0.0805486348923143,1.5,0.947400611620795,0.860555555555556,0.0955555555555556,0.901892285298399,1549,1635,86
0.0805486348923143,1.75,0.947400611620795,0.860555555555556,0.0955555555555556,0.901892285298399,1549,1635,86
0.0805486348923143,2,0.947400611620795,0.860555555555556,0.0955555555555556,0.901892285298399,1549,1635,86
0.0805486348923143,2.5,0.947400611620795,0.860555555555556,0.0955555555555556,0.901892285298399,1549,1635,86
0.0805486348923143,3,0.947400611620795,0.860555555555556,0.0955555555555556,0.901892285298399,1549,1635,86
0.0805486348923143,4,0.947948560930802,0.86,0.0944444444444444,0.901835129624235,1548,1633,85
0.0805486348923143,5,0.950215119852489,0.858888888888889,0.09,0.902246863145608,1546,1627,81
0.0805486348923143,7,0.950726468730259,0.836111111111111,0.0866666666666667,0.889742831806089,1505,1583,78
0.0805486348923143,10,0.950474898236092,0.778333333333333,0.0811111111111111,0.855833842394624,1401,1474,73
0.0844595345454929,1,0.947890818858561,0.848888888888889,0.0933333333333333,0.895662368112544,1528,1612,84
0.0844595345454929,1.1,0.947890818858561,0.848888888888889,0.0933333333333333,0.895662368112544,1528,1612,84
0.0844595345454929,1.25,0.947890818858561,0.848888888888889,0.0933333333333333,0.895662368112544,1528,1612,84
0.0844595345454929,1.5,0.947890818858561,0.848888888888889,0.0933333333333333,0.895662368112544,1528,1612,84
0.0844595345454929,1.75,0.947890818858561,0.848888888888889,0.0933333333333333,0.895662368112544,1528,1612,84
0.0844595345454929,2,0.947890818858561,0.848888888888889,0.0933333333333333,0.895662368112544,1528,1612,84
0.0844595345454929,2.5,0.947890818858561,0.848888888888889,0.0933333333333333,0.895662368112544,1528,1612,84
0.0844595345454929,3,0.947890818858561,0.848888888888889,0.0933333333333333,0.895662368112544,1528,1612,84
0.0844595345454929,4,0.948479205462446,0.848888888888889,0.0922222222222222,0.895924948695397,1528,1611,83
0.0844595345454929,5,0.950217797137523,0.848333333333333,0.0888888888888889,0.896389785735251,1527,1607,80
0.0844595345454929,7,0.950861518825782,0.827777777777778,0.0855555555555556,0.885060885060885,1490,1567,77
0.0844595345454929,10,0.950238582140423,0.774444444444444,0.0811111111111111,0.853382307927762,1394,1467,73
0.0873742043189433,1,0.947136563876652,0.836111111111111,0.0933333333333333,0.88816760106226,1505,1589,84
0.0873742043189433,1.1,0.947136563876652,0.836111111111111,0.0933333333333333,0.88816760106226,1505,1589,84
0.0873742043189433,1.25,0.947136563876652,0.836111111111111,0.0933333333333333,0.88816760106226,1505,1589,84
0.0873742043189433,1.5,0.947136563876652,0.836111111111111,0.0933333333333333,0.88816760106226,1505,1589,84
0.0873742043189433,1.75,0.947136563876652,0.836111111111111,0.0933333333333333,0.88816760106226,1505,1589,84
0.0873742043189433,2,0.947136563876652,0.836111111111111,0.0933333333333333,0.88816760106226,1505,1589,84
0.0873742043189433,2.5,0.947136563876652,0.836111111111111,0.0933333333333333,0.88816760106226,1505,1589,84
0.0873742043189433,3,0.947136563876652,0.836111111111111,0.0933333333333333,0.88816760106226,1505,1589,84
0.0873742043189433,4,0.947732997481108,0.836111111111111,0.0922222222222222,0.888429752066116,1505,1588,83
0.0873742043189433,5,0.94949494949495,0.835555555555556,0.0888888888888889,0.888888888888889,1504,1584,80
0.0873742043189433,7,0.950354609929078,0.818888888888889,0.0855555555555556,0.879737391823336,1474,1551,77
0.0873742043189433,10,0.949965729952022,0.77,0.0811111111111111,0.85056765879104,1386,1459,73
0.0908457970681704,1,0.947032546266752,0.824444444444444,0.0922222222222222,0.881496881496881,1484,1567,83
0.0908457970681704,1.1,0.947032546266752,0.824444444444444,0.0922222222222222,0.881496881496881,1484,1567,83
0.0908457970681704,1.25,0.947032546266752,0.824444444444444,0.0922222222222222,0.881496881496881,1484,1567,83
0.0908457970681704,1.5,0.947032546266752,0.824444444444444,0.0922222222222222,0.881496881496881,1484,1567,83
0.0908457970681704,1.75,0.947032546266752,0.824444444444444,0.0922222222222222,0.881496881496881,1484,1567,83
0.0908457970681704,2,0.947032546266752,0.824444444444444,0.0922222222222222,0.881496881496881,1484,1567,83
0.0908457970681704,2.5,0.947032546266752,0.824444444444444,0.0922222222222222,0.881496881496881,1484,1567,83
0.0908457970681704,3,0.947032546266752,0.824444444444444,0.0922222222222222,0.881496881496881,1484,1567,83
0.0908457970681704,4,0.947032546266752,0.824444444444444,0.0922222222222222,0.881496881496881,1484,1567,83
0.0908457970681704,5,0.948816378758797,0.823888888888889,0.0888888888888889,0.88195063931014,1483,1563,80
0.0908457970681704,7,0.949837133550489,0.81,0.0855555555555556,0.874362818590705,1458,1535,77
0.0908457970681704,10,0.949724517906336,0.766111111111111,0.0811111111111111,0.848093480934809,1379,1452,73
0.0931698220643715,1,0.946243523316062,0.811666666666667,0.0922222222222222,0.873803827751196,1461,1544,83
0.0931698220643715,1.1,0.946243523316062,0.811666666666667,0.0922222222222222,0.873803827751196,1461,1544,83
0.0931698220643715,1.25,0.946243523316062,0.811666666666667,0.0922222222222222,0.873803827751196,1461,1544,83
0.0931698220643715,1.5,0.946243523316062,0.811666666666667,0.0922222222222222,0.873803827751196,1461,1544,83
0.0931698220643715,1.75,0.946243523316062,0.811666666666667,0.0922222222222222,0.873803827751196,1461,1544,83
0.0931698220643715,2,0.946243523316062,0.811666666666667,0.0922222222222222,0.873803827751196,1461,1544,83
0.0931698220643715,2.5,0.946243523316062,0.811666666666667,0.0922222222222222,0.873803827751196,1461,1544,83
0.0931698220643715,3,0.946243523316062,0.811666666666667,0.0922222222222222,0.873803827751196,1461,1544,83
0.0931698220643715,4,0.946243523316062,0.811666666666667,0.0922222222222222,0.873803827751196,1461,1544,83
0.0931698220643715,5,0.948051948051948,0.811111111111111,0.0888888888888889,0.874251497005988,1460,1540,80
0.0931698220643715,7,0.949241924851681,0.8,0.0855555555555556,0.868254446789267,1440,1517,77
0.0931698220643715,10,0.949340735600278,0.76,0.0811111111111111,0.84418389385992,1368,1441,73
0.0965981103780291,1,0.94543063773833,0.798888888888889,0.0922222222222222,0.866004215597712,1438,1521,83
0.0965981103780291,1.1,0.94543063773833,0.798888888888889,0.0922222222222222,0.866004215597712,1438,1521,83
0.0965981103780291,1.25,0.94543063773833,0.798888888888889,0.0922222222222222,0.866004215597712,1438,1521,83
0.0965981103780291,1.5,0.94543063773833,0.798888888888889,0.0922222222222222,0.866004215597712,1438,1521,83
0.0965981103780291,1.75,0.94543063773833,0.798888888888889,0.0922222222222222,0.866004215597712,1438,1521,83
0.0965981103780291,2,0.94543063773833,0.798888888888889,0.0922222222222222,0.866004215597712,1438,1521,83
0.0965981103780291,2.5,0.94543063773833,0.798888888888889,0.0922222222222222,0.866004215597712,1438,1521,83
0.0965981103780291,3,0.94543063773833,0.798888888888889,0.0922222222222222,0.866004215597712,1438,1521,83
0.0965981103780291,4,0.94543063773833,0.798888888888889,0.0922222222222222,0.866004215597712,1438,1521,83
0.0965981103780291,5,0.94726433750824,0.798333333333333,0.0888888888888889,0.866445583358456,1437,1517,80
0.0965981103780291,7,0.948529411764706,0.788333333333333,0.0855555555555556,0.861043689320388,1419,1496,77
0.0965981103780291,10,0.948771929824561,0.751111111111111,0.0811111111111111,0.838449612403101,1352,1425,73
0.0989175638129024,1,0.944629753168779,0.786666666666667,0.0922222222222222,0.858441952106699,1416,1499,83
0.0989175638129024,1.1,0.944629753168779,0.786666666666667,0.0922222222222222,0.858441952106699,1416,1499,83
0.0989175638129024,1.25,0.944629753168779,0.786666666666667,0.0922222222222222,0.858441952106699,1416,1499,83
0.0989175638129024,1.5,0.944629753168779,0.786666666666667,0.0922222222222222,0.858441952106699,1416,1499,83
0.0989175638129024,1.75,0.944629753168779,0.786666666666667,0.0922222222222222,0.858441952106699,1416,1499,83
0.0989175638129024,2,0.944629753168779,0.786666666666667,0.0922222222222222,0.858441952106699,1416,1499,83
0.0989175638129024,2.5,0.944629753168779,0.786666666666667,0.0922222222222222,0.858441952106699,1416,1499,83
0.0989175638129024,3,0.944629753168779,0.786666666666667,0.0922222222222222,0.858441952106699,1416,1499,83
0.0989175638129024,4,0.944629753168779,0.786666666666667,0.0922222222222222,0.858441952106699,1416,1499,83
0.0989175638129024,5,0.946488294314381,0.786111111111111,0.0888888888888889,0.858877086494689,1415,1495,80
0.0989175638129024,7,0.947831978319783,0.777222222222222,0.0855555555555556,0.854090354090354,1399,1476,77
0.0989175638129024,10,0.94822695035461,0.742777777777778,0.0811111111111111,0.833021806853583,1337,1410,73
0.103151639319469,1,0.943766937669377,0.773888888888889,0.0922222222222222,0.85042735042735,1393,1476,83
0.103151639319469,1.1,0.943766937669377,0.773888888888889,0.0922222222222222,0.85042735042735,1393,1476,83
0.103151639319469,1.25,0.943766937669377,0.773888888888889,0.0922222222222222,0.85042735042735,1393,1476,83
0.103151639319469,1.5,0.943766937669377,0.773888888888889,0.0922222222222222,0.85042735042735,1393,1476,83
0.103151639319469,1.75,0.943766937669377,0.773888888888889,0.0922222222222222,0.85042735042735,1393,1476,83
0.103151639319469,2,0.943766937669377,0.773888888888889,0.0922222222222222,0.85042735042735,1393,1476,83
0.103151639319469,2.5,0.943766937669377,0.773888888888889,0.0922222222222222,0.85042735042735,1393,1476,83
0.103151639319469,3,0.943766937669377,0.773888888888889,0.0922222222222222,0.85042735042735,1393,1476,83
0.103151639319469,4,0.943766937669377,0.773888888888889,0.0922222222222222,0.85042735042735,1393,1476,83
0.103151639319469,5,0.945652173913043,0.773333333333333,0.0888888888888889,0.850855745721271,1392,1472,80
0.103151639319469,7,0.947079037800687,0.765555555555556,0.0855555555555556,0.846697388632872,1378,1455,77
0.103151639319469,10,0.947670250896057,0.734444444444444,0.0811111111111111,0.82754303599374,1322,1395,73
0.107381689517912,1,0.94287680660702,0.761111111111111,0.0922222222222222,0.842299415923763,1370,1453,83
0.107381689517912,1.1,0.94287680660702,0.761111111111111,0.0922222222222222,0.842299415923763,1370,1453,83
0.107381689517912,1.25,0.94287680660702,0.761111111111111,0.0922222222222222,0.842299415923763,1370,1453,83
0.107381689517912,1.5,0.94287680660702,0.761111111111111,0.0922222222222222,0.842299415923763,1370,1453,83
0.107381689517912,1.75,0.94287680660702,0.761111111111111,0.0922222222222222,0.842299415923763,1370,1453,83
0.107381689517912,2,0.94287680660702,0.761111111111111,0.0922222222222222,0.842299415923763,1370,1453,83
0.107381689517912,2.5,0.94287680660702,0.761111111111111,0.0922222222222222,0.842299415923763,1370,1453,83
0.107381689517912,3,0.94287680660702,0.761111111111111,0.0922222222222222,0.842299415923763,1370,1453,83
0.107381689517912,4,0.94287680660702,0.761111111111111,0.0922222222222222,0.842299415923763,1370,1453,83
0.107381689517912,5,0.944789510006901,0.760555555555556,0.0888888888888889,0.842720837180671,1369,1449,80
0.107381689517912,7,0.94622905027933,0.752777777777778,0.0855555555555556,0.838490099009901,1355,1432,77
0.107381689517912,10,0.946947674418605,0.723888888888889,0.0811111111111111,0.820528967254408,1303,1376,73
0.110145798988587,1,0.942697414395528,0.749444444444444,0.0911111111111111,0.83503559269576,1349,1431,82
0.110145798988587,1.1,0.942697414395528,0.749444444444444,0.0911111111111111,0.83503559269576,1349,1431,82
0.110145798988587,1.25,0.942697414395528,0.749444444444444,0.0911111111111111,0.83503559269576,1349,1431,82
0.110145798988587,1.5,0.942697414395528,0.749444444444444,0.0911111111111111,0.83503559269576,1349,1431,82
0.110145798988587,1.75,0.942697414395528,0.749444444444444,0.0911111111111111,0.83503559269576,1349,1431,82
0.110145798988587,2,0.942697414395528,0.749444444444444,0.0911111111111111,0.83503559269576,1349,1431,82
0.110145798988587,2.5,0.942697414395528,0.749444444444444,0.0911111111111111,0.83503559269576,1349,1431,82
0.110145798988587,3,0.942697414395528,0.749444444444444,0.0911111111111111,0.83503559269576,1349,1431,82
0.110145798988587,4,0.942697414395528,0.749444444444444,0.0911111111111111,0.83503559269576,1349,1431,82
0.110145798988587,5,0.944639103013315,0.748888888888889,0.0877777777777778,0.835450883173226,1348,1427,79
0.110145798988587,7,0.946099290780142,0.741111111111111,0.0844444444444444,0.831152647975078,1334,1410,76
0.110145798988587,10,0.947097722263042,0.716111111111111,0.08,0.815564694716862,1289,1361,72
0.113732173302026,1,0.941761363636364,0.736666666666667,0.0911111111111111,0.826683291770574,1326,1408,82
0.113732173302026,1.1,0.941761363636364,0.736666666666667,0.0911111111111111,0.826683291770574,1326,1408,82
0.113732173302026,1.25,0.941761363636364,0.736666666666667,0.0911111111111111,0.826683291770574,1326,1408,82
0.113732173302026,1.5,0.941761363636364,0.736666666666667,0.0911111111111111,0.826683291770574,1326,1408,82
0.113732173302026,1.75,0.941761363636364,0.736666666666667,0.0911111111111111,0.826683291770574,1326,1408,82
0.113732173302026,2,0.941761363636364,0.736666666666667,0.0911111111111111,0.826683291770574,1326,1408,82
0.113732173302026,2.5,0.941761363636364,0.736666666666667,0.0911111111111111,0.826683291770574,1326,1408,82
0.113732173302026,3,0.941761363636364,0.736666666666667,0.0911111111111111,0.826683291770574,1326,1408,82
0.113732173302026,4,0.941761363636364,0.736666666666667,0.0911111111111111,0.826683291770574,1326,1408,82
0.113732173302026,5,0.943732193732194,0.736111111111111,0.0877777777777778,0.8270911360799,1325,1404,79
0.113732173302026,7,0.945244956772334,0.728888888888889,0.0844444444444444,0.823086574654956,1312,1388,76
0.113732173302026,10,0.946428571428571,0.706666666666667,0.08,0.809160305343511,1272,1344,72
0.118199495651111,1,0.941516245487365,0.724444444444444,0.09,0.81883830455259,1304,1385,81
0.118199495651111,1.1,0.941516245487365,0.724444444444444,0.09,0.81883830455259,1304,1385,81
0.118199495651111,1.25,0.941516245487365,0.724444444444444,0.09,0.81883830455259,1304,1385,81
0.118199495651111,1.5,0.941516245487365,0.724444444444444,0.09,0.81883830455259,1304,1385,81
0.118199495651111,1.75,0.941516245487365,0.724444444444444,0.09,0.81883830455259,1304,1385,81
0.118199495651111,2,0.941516245487365,0.724444444444444,0.09,0.81883830455259,1304,1385,81
0.118199495651111,2.5,0.941516245487365,0.724444444444444,0.09,0.81883830455259,1304,1385,81
0.118199495651111,3,0.941516245487365,0.724444444444444,0.09,0.81883830455259,1304,1385,81
0.118199495651111,4,0.941516245487365,0.724444444444444,0.09,0.81883830455259,1304,1385,81
0.118199495651111,5,0.943519188993483,0.723888888888889,0.0866666666666667,0.819239232945615,1303,1381,78
0.118199495651111,7,0.945135332845647,0.717777777777778,0.0833333333333333,0.815914114303757,1292,1367,75
0.118199495651111,10,0.946536144578313,0.698333333333333,0.0788888888888889,0.803708439897698,1257,1328,71
0.120730245293437,1,0.94057226705796,0.712222222222222,0.09,0.810622826430604,1282,1363,81
0.120730245293437,1.1,0.94057226705796,0.712222222222222,0.09,0.810622826430604,1282,1363,81
0.120730245293437,1.25,0.94057226705796,0.712222222222222,0.09,0.810622826430604,1282,1363,81
0.120730245293437,1.5,0.94057226705796,0.712222222222222,0.09,0.810622826430604,1282,1363,81
0.120730245293437,1.75,0.94057226705796,0.712222222222222,0.09,0.810622826430604,1282,1363,81
0.120730245293437,2,0.94057226705796,0.712222222222222,0.09,0.810622826430604,1282,1363,81
0.120730245293437,2.5,0.94057226705796,0.712222222222222,0.09,0.810622826430604,1282,1363,81
0.120730245293437,3,0.94057226705796,0.712222222222222,0.09,0.810622826430604,1282,1363,81
0.120730245293437,4,0.94057226705796,0.712222222222222,0.09,0.810622826430604,1282,1363,81
0.120730245293437,5,0.942604856512141,0.711666666666667,0.0866666666666667,0.811016144349478,1281,1359,78
0.120730245293437,7,0.944362017804154,0.707222222222222,0.0833333333333333,0.808767471410419,1273,1348,75
0.120730245293437,10,0.945884146341463,0.689444444444444,0.0788888888888889,0.797557840616967,1241,1312,71
0.123758781863261,1,0.941044776119403,0.700555555555556,0.0877777777777778,0.803184713375796,1261,1340,79
0.123758781863261,1.1,0.941044776119403,0.700555555555556,0.0877777777777778,0.803184713375796,1261,1340,79
0.123758781863261,1.25,0.941044776119403,0.700555555555556,0.0877777777777778,0.803184713375796,1261,1340,79
0.123758781863261,1.5,0.941044776119403,0.700555555555556,0.0877777777777778,0.803184713375796,1261,1340,79
0.123758781863261,1.75,0.941044776119403,0.700555555555556,0.0877777777777778,0.803184713375796,1261,1340,79
0.123758781863261,2,0.941044776119403,0.700555555555556,0.0877777777777778,0.803184713375796,1261,1340,79
0.123758781863261,2.5,0.941044776119403,0.700555555555556,0.0877777777777778,0.803184713375796,1261,1340,79
0.123758781863261,3,0.941044776119403,0.700555555555556,0.0877777777777778,0.803184713375796,1261,1340,79
0.123758781863261,4,0.941044776119403,0.700555555555556,0.0877777777777778,0.803184713375796,1261,1340,79
0.123758781863261,5,0.94311377245509,0.7,0.0844444444444444,0.803571428571429,1260,1336,76
0.123758781863261,7,0.944277108433735,0.696666666666667,0.0822222222222222,0.801790281329923,1254,1328,74
0.123758781863261,10,0.946070878274268,0.682222222222222,0.0777777777777778,0.792769528728212,1228,1298,70
0.12621969408606,1,0.940015186028853,0.687777777777778,0.0877777777777778,0.794353545075393,1238,1317,79
0.12621969408606,1.1,0.940015186028853,0.687777777777778,0.0877777777777778,0.794353545075393,1238,1317,79
0.12621969408606,1.25,0.940015186028853,0.687777777777778,0.0877777777777778,0.794353545075393,1238,1317,79
0.12621969408606,1.5,0.940015186028853,0.687777777777778,0.0877777777777778,0.794353545075393,1238,1317,79
0.12621969408606,1.75,0.940015186028853,0.687777777777778,0.0877777777777778,0.794353545075393,1238,1317,79
0.12621969408606,2,0.940015186028853,0.687777777777778,0.0877777777777778,0.794353545075393,1238,1317,79
0.12621969408606,2.5,0.940015186028853,0.687777777777778,0.0877777777777778,0.794353545075393,1238,1317,79
0.12621969408606,3,0.940015186028853,0.687777777777778,0.0877777777777778,0.794353545075393,1238,1317,79
0.12621969408606,4,0.940015186028853,0.687777777777778,0.0877777777777778,0.794353545075393,1238,1317,79
0.12621969408606,5,0.942117288651942,0.687222222222222,0.0844444444444444,0.794731769996788,1237,1313,76
0.12621969408606,7,0.943295019157088,0.683888888888889,0.0822222222222222,0.792914653784219,1231,1305,74
0.12621969408606,10,0.9453125,0.672222222222222,0.0777777777777778,0.785714285714286,1210,1280,70
0.129048518916314,1,0.941312741312741,0.677222222222222,0.0844444444444444,0.787722132471729,1219,1295,76
0.129048518916314,1.1,0.941312741312741,0.677222222222222,0.0844444444444444,0.787722132471729,1219,1295,76
0.129048518916314,1.25,0.941312741312741,0.677222222222222,0.0844444444444444,0.787722132471729,1219,1295,76
0.129048518916314,1.5,0.941312741312741,0.677222222222222,0.0844444444444444,0.787722132471729,1219,1295,76
0.129048518916314,1.75,0.941312741312741,0.677222222222222,0.0844444444444444,0.787722132471729,1219,1295,76
0.129048518916314,2,0.941312741312741,0.677222222222222,0.0844444444444444,0.787722132471729,1219,1295,76
0.129048518916314,2.5,0.941312741312741,0.677222222222222,0.0844444444444444,0.787722132471729,1219,1295,76
0.129048518916314,3,0.941312741312741,0.677222222222222,0.0844444444444444,0.787722132471729,1219,1295,76
0.129048518916314,4,0.941312741312741,0.677222222222222,0.0844444444444444,0.787722132471729,1219,1295,76
0.129048518916314,5,0.943454686289698,0.676666666666667,0.0811111111111111,0.78809446780977,1218,1291,73
0.129048518916314,7,0.944704049844237,0.673888888888889,0.0788888888888889,0.786640726329442,1213,1284,71
0.129048518916314,10,0.946159936658749,0.663888888888889,0.0755555555555556,0.780280770486451,1195,1263,68
0.131840172495115,1,0.940251572327044,0.664444444444444,0.0844444444444444,0.778645833333333,1196,1272,76
0.131840172495115,1.1,0.940251572327044,0.664444444444444,0.0844444444444444,0.778645833333333,1196,1272,76
0.131840172495115,1.25,0.940251572327044,0.664444444444444,0.0844444444444444,0.778645833333333,1196,1272,76
0.131840172495115,1.5,0.940251572327044,0.664444444444444,0.0844444444444444,0.778645833333333,1196,1272,76
0.131840172495115,1.75,0.940251572327044,0.664444444444444,0.0844444444444444,0.778645833333333,1196,1272,76
0.131840172495115,2,0.940251572327044,0.664444444444444,0.0844444444444444,0.778645833333333,1196,1272,76
0.131840172495115,2.5,0.940251572327044,0.664444444444444,0.0844444444444444,0.778645833333333,1196,1272,76
0.131840172495115,3,0.940251572327044,0.664444444444444,0.0844444444444444,0.778645833333333,1196,1272,76
0.131840172495115,4,0.940251572327044,0.664444444444444,0.0844444444444444,0.778645833333333,1196,1272,76
0.131840172495115,5,0.942429022082019,0.663888888888889,0.0811111111111111,0.779009126466754,1195,1268,73
0.131840172495115,7,0.943784639746635,0.662222222222222,0.0788888888888889,0.778321906627489,1192,1263,71
0.131840172495115,10,0.945293644408689,0.652777777777778,0.0755555555555556,0.772264212947749,1175,1243,68
0.135802469135802,1,0.9408,0.653333333333333,0.0822222222222222,0.771147540983607,1176,1250,74
0.135802469135802,1.1,0.9408,0.653333333333333,0.0822222222222222,0.771147540983607,1176,1250,74
0.135802469135802,1.25,0.9408,0.653333333333333,0.0822222222222222,0.771147540983607,1176,1250,74
0.135802469135802,1.5,0.9408,0.653333333333333,0.0822222222222222,0.771147540983607,1176,1250,74
0.135802469135802,1.75,0.9408,0.653333333333333,0.0822222222222222,0.771147540983607,1176,1250,74
0.135802469135802,2,0.9408,0.653333333333333,0.0822222222222222,0.771147540983607,1176,1250,74
0.135802469135802,2.5,0.9408,0.653333333333333,0.0822222222222222,0.771147540983607,1176,1250,74
0.135802469135802,3,0.9408,0.653333333333333,0.0822222222222222,0.771147540983607,1176,1250,74
0.135802469135802,4,0.9408,0.653333333333333,0.0822222222222222,0.771147540983607,1176,1250,74
0.135802469135802,5,0.943063352044908,0.653333333333333,0.0788888888888889,0.771906793567443,1176,1247,71
0.135802469135802,7,0.944489139179405,0.652222222222222,0.0766666666666667,0.77160696680907,1174,1243,69
0.135802469135802,10,0.946166394779772,0.644444444444444,0.0733333333333333,0.766688697951091,1160,1226,66
0.137602214540544,1,0.942135289323553,0.642222222222222,0.0788888888888889,0.763792533861909,1156,1227,71
0.137602214540544,1.1,0.942135289323553,0.642222222222222,0.0788888888888889,0.763792533861909,1156,1227,71
0.137602214540544,1.25,0.942135289323553,0.642222222222222,0.0788888888888889,0.763792533861909,1156,1227,71
0.137602214540544,1.5,0.942135289323553,0.642222222222222,0.0788888888888889,0.763792533861909,1156,1227,71
0.137602214540544,1.75,0.942135289323553,0.642222222222222,0.0788888888888889,0.763792533861909,1156,1227,71
0.137602214540544,2,0.942135289323553,0.642222222222222,0.0788888888888889,0.763792533861909,1156,1227,71
0.137602214540544,2.5,0.942135289323553,0.642222222222222,0.0788888888888889,0.763792533861909,1156,1227,71
0.137602214540544,3,0.942135289323553,0.642222222222222,0.0788888888888889,0.763792533861909,1156,1227,71
0.137602214540544,4,0.942135289323553,0.642222222222222,0.0788888888888889,0.763792533861909,1156,1227,71
0.137602214540544,5,0.944444444444444,0.642222222222222,0.0755555555555556,0.764550264550265,1156,1224,68
0.137602214540544,7,0.945945945945946,0.641666666666667,0.0733333333333333,0.764647467725919,1155,1221,66
0.137602214540544,10,0.946975973487987,0.635,0.0711111111111111,0.760226139008979,1143,1207,64
0.140549427610634,1,0.941029900332226,0.629444444444444,0.0788888888888889,0.754327563249001,1133,1204,71
0.140549427610634,1.1,0.941029900332226,0.629444444444444,0.0788888888888889,0.754327563249001,1133,1204,71
0.140549427610634,1.25,0.941029900332226,0.629444444444444,0.0788888888888889,0.754327563249001,1133,1204,71
0.140549427610634,1.5,0.941029900332226,0.629444444444444,0.0788888888888889,0.754327563249001,1133,1204,71
0.140549427610634,1.75,0.941029900332226,0.629444444444444,0.0788888888888889,0.754327563249001,1133,1204,71
0.140549427610634,2,0.941029900332226,0.629444444444444,0.0788888888888889,0.754327563249001,1133,1204,71
0.140549427610634,2.5,0.941029900332226,0.629444444444444,0.0788888888888889,0.754327563249001,1133,1204,71
0.140549427610634,3,0.941029900332226,0.629444444444444,0.0788888888888889,0.754327563249001,1133,1204,71
0.140549427610634,4,0.941029900332226,0.629444444444444,0.0788888888888889,0.754327563249001,1133,1204,71
0.140549427610634,5,0.94338051623647,0.629444444444444,0.0755555555555556,0.755081639453515,1133,1201,68
0.140549427610634,7,0.944908180300501,0.628888888888889,0.0733333333333333,0.755170113408939,1132,1198,66
0.140549427610634,10,0.945945945945946,0.622222222222222,0.0711111111111111,0.750670241286863,1120,1184,64
0.143452440846335,1,0.940728196443692,0.617222222222222,0.0777777777777778,0.745387453874539,1111,1181,70
0.143452440846335,1.1,0.940728196443692,0.617222222222222,0.0777777777777778,0.745387453874539,1111,1181,70
0.143452440846335,1.25,0.940728196443692,0.617222222222222,0.0777777777777778,0.745387453874539,1111,1181,70
0.143452440846335,1.5,0.940728196443692,0.617222222222222,0.0777777777777778,0.745387453874539,1111,1181,70
0.143452440846335,1.75,0.940728196443692,0.617222222222222,0.0777777777777778,0.745387453874539,1111,1181,70
0.143452440846335,2,0.940728196443692,0.617222222222222,0.0777777777777778,0.745387453874539,1111,1181,70
0.143452440846335,2.5,0.940728196443692,0.617222222222222,0.0777777777777778,0.745387453874539,1111,1181,70
0.143452440846335,3,0.940728196443692,0.617222222222222,0.0777777777777778,0.745387453874539,1111,1181,70
0.143452440846335,4,0.940728196443692,0.617222222222222,0.0777777777777778,0.745387453874539,1111,1181,70
0.143452440846335,5,0.943123938879457,0.617222222222222,0.0744444444444444,0.746138347884486,1111,1178,67
0.143452440846335,7,0.944727891156463,0.617222222222222,0.0722222222222222,0.746639784946237,1111,1176,65
0.143452440846335,10,0.945922746781116,0.612222222222222,0.07,0.743338954468803,1102,1165,63
0.146957763024889,1,0.9404659188956,0.605555555555556,0.0766666666666667,0.736735383575532,1090,1159,69
0.146957763024889,1.1,0.9404659188956,0.605555555555556,0.0766666666666667,0.736735383575532,1090,1159,69
0.146957763024889,1.25,0.9404659188956,0.605555555555556,0.0766666666666667,0.736735383575532,1090,1159,69
0.146957763024889,1.5,0.9404659188956,0.605555555555556,0.0766666666666667,0.736735383575532,1090,1159,69
0.146957763024889,1.75,0.9404659188956,0.605555555555556,0.0766666666666667,0.736735383575532,1090,1159,69
0.146957763024889,2,0.9404659188956,0.605555555555556,0.0766666666666667,0.736735383575532,1090,1159,69
0.146957763024889,2.5,0.9404659188956,0.605555555555556,0.0766666666666667,0.736735383575532,1090,1159,69
0.146957763024889,3,0.9404659188956,0.605555555555556,0.0766666666666667,0.736735383575532,1090,1159,69
0.146957763024889,4,0.9404659188956,0.605555555555556,0.0766666666666667,0.736735383575532,1090,1159,69
0.146957763024889,5,0.942906574394464,0.605555555555556,0.0733333333333333,0.737483085250338,1090,1156,66
0.146957763024889,7,0.943722943722944,0.605555555555556,0.0722222222222222,0.737732656514382,1090,1155,65
0.146957763024889,10,0.944978165938865,0.601111111111111,0.07,0.734804753820034,1082,1145,63
0.150112833865941,1,0.941021126760563,0.593888888888889,0.0744444444444444,0.728201634877384,1069,1136,67
0.150112833865941,1.1,0.941021126760563,0.593888888888889,0.0744444444444444,0.728201634877384,1069,1136,67
0.150112833865941,1.25,0.941021126760563,0.593888888888889,0.0744444444444444,0.728201634877384,1069,1136,67
0.150112833865941,1.5,0.941021126760563,0.593888888888889,0.0744444444444444,0.728201634877384,1069,1136,67
0.150112833865941,1.75,0.941021126760563,0.593888888888889,0.0744444444444444,0.728201634877384,1069,1136,67
0.150112833865941,2,0.941021126760563,0.593888888888889,0.0744444444444444,0.728201634877384,1069,1136,67
0.150112833865941,2.5,0.941021126760563,0.593888888888889,0.0744444444444444,0.728201634877384,1069,1136,67
0.150112833865941,3,0.941021126760563,0.593888888888889,0.0744444444444444,0.728201634877384,1069,1136,67
0.150112833865941,4,0.941021126760563,0.593888888888889,0.0744444444444444,0.728201634877384,1069,1136,67
0.150112833865941,5,0.942680776014109,0.593888888888889,0.0722222222222222,0.728698023176551,1069,1134,65
0.150112833865941,7,0.94351279788173,0.593888888888889,0.0711111111111111,0.728946471189908,1069,1133,64
0.150112833865941,10,0.944839857651246,0.59,0.0688888888888889,0.72640218878249,1062,1124,62
0.154392778955234,1,0.939802336028751,0.581111111111111,0.0744444444444444,0.718159972536904,1046,1113,67
0.154392778955234,1.1,0.939802336028751,0.581111111111111,0.0744444444444444,0.718159972536904,1046,1113,67
0.154392778955234,1.25,0.939802336028751,0.581111111111111,0.0744444444444444,0.718159972536904,1046,1113,67
0.154392778955234,1.5,0.939802336028751,0.581111111111111,0.0744444444444444,0.718159972536904,1046,1113,67
0.154392778955234,1.75,0.939802336028751,0.581111111111111,0.0744444444444444,0.718159972536904,1046,1113,67
0.154392778955234,2,0.939802336028751,0.581111111111111,0.0744444444444444,0.718159972536904,1046,1113,67
0.154392778955234,2.5,0.939802336028751,0.581111111111111,0.0744444444444444,0.718159972536904,1046,1113,67
0.154392778955234,3,0.939802336028751,0.581111111111111,0.0744444444444444,0.718159972536904,1046,1113,67
0.154392778955234,4,0.939802336028751,0.581111111111111,0.0744444444444444,0.718159972536904,1046,1113,67
0.154392778955234,5,0.941494149414941,0.581111111111111,0.0722222222222222,0.718653383716936,1046,1111,65
0.154392778955234,7,0.942342342342342,0.581111111111111,0.0711111111111111,0.718900343642612,1046,1110,64
0.154392778955234,10,0.943738656987296,0.577777777777778,0.0688888888888889,0.716747070985527,1040,1102,62
0.158304383068503,1,0.939505041246563,0.569444444444444,0.0733333333333333,0.709097198201314,1025,1091,66
0.158304383068503,1.1,0.939505041246563,0.569444444444444,0.0733333333333333,0.709097198201314,1025,1091,66
0.158304383068503,1.25,0.939505041246563,0.569444444444444,0.0733333333333333,0.709097198201314,1025,1091,66
0.158304383068503,1.5,0.939505041246563,0.569444444444444,0.0733333333333333,0.709097198201314,1025,1091,66
0.158304383068503,1.75,0.939505041246563,0.569444444444444,0.0733333333333333,0.709097198201314,1025,1091,66
0.158304383068503,2,0.939505041246563,0.569444444444444,0.0733333333333333,0.709097198201314,1025,1091,66
0.158304383068503,2.5,0.939505041246563,0.569444444444444,0.0733333333333333,0.709097198201314,1025,1091,66
0.158304383068503,3,0.939505041246563,0.569444444444444,0.0733333333333333,0.709097198201314,1025,1091,66
0.158304383068503,4,0.939505041246563,0.569444444444444,0.0733333333333333,0.709097198201314,1025,1091,66
0.158304383068503,5,0.941230486685032,0.569444444444444,0.0711111111111111,0.709588092765663,1025,1089,64
0.158304383068503,7,0.942095588235294,0.569444444444444,0.07,0.70983379501385,1025,1088,63
0.158304383068503,10,0.94362292051756,0.567222222222222,0.0677777777777778,0.70853573907009,1021,1082,61
0.162248812613367,1,0.940074906367041,0.557777777777778,0.0711111111111111,0.700139470013947,1004,1068,64
0.162248812613367,1.1,0.940074906367041,0.557777777777778,0.0711111111111111,0.700139470013947,1004,1068,64
0.162248812613367,1.25,0.940074906367041,0.557777777777778,0.0711111111111111,0.700139470013947,1004,1068,64
0.162248812613367,1.5,0.940074906367041,0.557777777777778,0.0711111111111111,0.700139470013947,1004,1068,64
0.162248812613367,1.75,0.940074906367041,0.557777777777778,0.0711111111111111,0.700139470013947,1004,1068,64
0.162248812613367,2,0.940074906367041,0.557777777777778,0.0711111111111111,0.700139470013947,1004,1068,64
0.162248812613367,2.5,0.940074906367041,0.557777777777778,0.0711111111111111,0.700139470013947,1004,1068,64
0.162248812613367,3,0.940074906367041,0.557777777777778,0.0711111111111111,0.700139470013947,1004,1068,64
0.162248812613367,4,0.940074906367041,0.557777777777778,0.0711111111111111,0.700139470013947,1004,1068,64
0.162248812613367,5,0.941838649155722,0.557777777777778,0.0688888888888889,0.70062805303559,1004,1066,62
0.162248812613367,7,0.942723004694836,0.557777777777778,0.0677777777777778,0.70087260034904,1004,1065,61
0.162248812613367,10,0.944339622641509,0.556111111111111,0.0655555555555556,0.7,1001,1060,59
0.165087386629293,1,0.939712918660287,0.545555555555556,0.07,0.690333919156415,982,1045,63
0.165087386629293,1.1,0.939712918660287,0.545555555555556,0.07,0.690333919156415,982,1045,63
0.165087386629293,1.25,0.939712918660287,0.545555555555556,0.07,0.690333919156415,982,1045,63
0.165087386629293,1.5,0.939712918660287,0.545555555555556,0.07,0.690333919156415,982,1045,63
0.165087386629293,1.75,0.939712918660287,0.545555555555556,0.07,0.690333919156415,982,1045,63
0.165087386629293,2,0.939712918660287,0.545555555555556,0.07,0.690333919156415,982,1045,63
0.165087386629293,2.5,0.939712918660287,0.545555555555556,0.07,0.690333919156415,982,1045,63
0.165087386629293,3,0.939712918660287,0.545555555555556,0.07,0.690333919156415,982,1045,63
0.165087386629293,4,0.939712918660287,0.545555555555556,0.07,0.690333919156415,982,1045,63
0.165087386629293,5,0.941514860977948,0.545555555555556,0.0677777777777778,0.690819556806191,982,1043,61
0.165087386629293,7,0.942418426103647,0.545555555555556,0.0666666666666667,0.691062631949331,982,1042,60
0.165087386629293,10,0.944123314065511,0.544444444444444,0.0644444444444444,0.690627202255109,980,1038,58
0.169394744141142,1,0.939393939393939,0.533888888888889,0.0688888888888889,0.680835990081474,961,1023,62
0.169394744141142,1.1,0.939393939393939,0.533888888888889,0.0688888888888889,0.680835990081474,961,1023,62
0.169394744141142,1.25,0.939393939393939,0.533888888888889,0.0688888888888889,0.680835990081474,961,1023,62
0.169394744141142,1.5,0.939393939393939,0.533888888888889,0.0688888888888889,0.680835990081474,961,1023,62
0.169394744141142,1.75,0.939393939393939,0.533888888888889,0.0688888888888889,0.680835990081474,961,1023,62
0.169394744141142,2,0.939393939393939,0.533888888888889,0.0688888888888889,0.680835990081474,961,1023,62
0.169394744141142,2.5,0.939393939393939,0.533888888888889,0.0688888888888889,0.680835990081474,961,1023,62
0.169394744141142,3,0.939393939393939,0.533888888888889,0.0688888888888889,0.680835990081474,961,1023,62
0.169394744141142,4,0.939393939393939,0.533888888888889,0.0688888888888889,0.680835990081474,961,1023,62
0.169394744141142,5,0.941234084231146,0.533888888888889,0.0666666666666667,0.681318681318681,961,1021,60
0.169394744141142,7,0.942156862745098,0.533888888888889,0.0655555555555556,0.681560283687943,961,1020,59
0.169394744141142,10,0.943897637795276,0.532777777777778,0.0633333333333333,0.681107954545454,959,1016,57
0.172287485129799,1,0.94,0.522222222222222,0.0666666666666667,0.671428571428571,940,1000,60
0.172287485129799,1.1,0.94,0.522222222222222,0.0666666666666667,0.671428571428571,940,1000,60
0.172287485129799,1.25,0.94,0.522222222222222,0.0666666666666667,0.671428571428571,940,1000,60
0.172287485129799,1.5,0.94,0.522222222222222,0.0666666666666667,0.671428571428571,940,1000,60
0.172287485129799,1.75,0.94,0.522222222222222,0.0666666666666667,0.671428571428571,940,1000,60
0.172287485129799,2,0.94,0.522222222222222,0.0666666666666667,0.671428571428571,940,1000,60
0.172287485129799,2.5,0.94,0.522222222222222,0.0666666666666667,0.671428571428571,940,1000,60
0.172287485129799,3,0.94,0.522222222222222,0.0666666666666667,0.671428571428571,940,1000,60
0.172287485129799,4,0.94,0.522222222222222,0.0666666666666667,0.671428571428571,940,1000,60
0.172287485129799,5,0.94188376753507,0.522222222222222,0.0644444444444444,0.671908506075768,940,998,58
0.172287485129799,7,0.942828485456369,0.522222222222222,0.0633333333333333,0.672148730782982,940,997,57
0.172287485129799,10,0.944612286002014,0.521111111111111,0.0611111111111111,0.671679197994987,938,993,55
0.175861043744518,1,0.939611054247697,0.51,0.0655555555555556,0.661145120633778,918,977,59
0.175861043744518,1.1,0.939611054247697,0.51,0.0655555555555556,0.661145120633778,918,977,59
0.175861043744518,1.25,0.939611054247697,0.51,0.0655555555555556,0.661145120633778,918,977,59
0.175861043744518,1.5,0.939611054247697,0.51,0.0655555555555556,0.661145120633778,918,977,59
0.175861043744518,1.75,0.939611054247697,0.51,0.0655555555555556,0.661145120633778,918,977,59
0.175861043744518,2,0.939611054247697,0.51,0.0655555555555556,0.661145120633778,918,977,59
0.175861043744518,2.5,0.939611054247697,0.51,0.0655555555555556,0.661145120633778,918,977,59
0.175861043744518,3,0.939611054247697,0.51,0.0655555555555556,0.661145120633778,918,977,59
0.175861043744518,4,0.939611054247697,0.51,0.0655555555555556,0.661145120633778,918,977,59
0.175861043744518,5,0.940573770491803,0.51,0.0644444444444444,0.661383285302594,918,976,58
0.175861043744518,7,0.941538461538462,0.51,0.0633333333333333,0.661621621621622,918,975,57
0.175861043744518,10,0.943415637860082,0.509444444444444,0.0611111111111111,0.661616161616162,917,972,55
0.17996697626419,1,0.941361256544503,0.499444444444444,0.0622222222222222,0.652631578947369,899,955,56
0.17996697626419,1.1,0.941361256544503,0.499444444444444,0.0622222222222222,0.652631578947369,899,955,56
0.17996697626419,1.25,0.941361256544503,0.499444444444444,0.0622222222222222,0.652631578947369,899,955,56
0.17996697626419,1.5,0.941361256544503,0.499444444444444,0.0622222222222222,0.652631578947369,899,955,56
0.17996697626419,1.75,0.941361256544503,0.499444444444444,0.0622222222222222,0.652631578947369,899,955,56
0.17996697626419,2,0.941361256544503,0.499444444444444,0.0622222222222222,0.652631578947369,899,955,56
0.17996697626419,2.5,0.941361256544503,0.499444444444444,0.0622222222222222,0.652631578947369,899,955,56
0.17996697626419,3,0.941361256544503,0.499444444444444,0.0622222222222222,0.652631578947369,899,955,56
0.17996697626419,4,0.941361256544503,0.499444444444444,0.0622222222222222,0.652631578947369,899,955,56
0.17996697626419,5,0.942348008385744,0.499444444444444,0.0611111111111111,0.652868554829339,899,954,55
0.17996697626419,7,0.942348008385744,0.499444444444444,0.0611111111111111,0.652868554829339,899,954,55
0.17996697626419,10,0.944327731092437,0.499444444444444,0.0588888888888889,0.653343023255814,899,952,53
0.18401131052034,1,0.94206008583691,0.487777777777778,0.06,0.642752562225476,878,932,54
0.18401131052034,1.1,0.94206008583691,0.487777777777778,0.06,0.642752562225476,878,932,54
0.18401131052034,1.25,0.94206008583691,0.487777777777778,0.06,0.642752562225476,878,932,54
0.18401131052034,1.5,0.94206008583691,0.487777777777778,0.06,0.642752562225476,878,932,54
0.18401131052034,1.75,0.94206008583691,0.487777777777778,0.06,0.642752562225476,878,932,54
0.18401131052034,2,0.94206008583691,0.487777777777778,0.06,0.642752562225476,878,932,54
0.18401131052034,2.5,0.94206008583691,0.487777777777778,0.06,0.642752562225476,878,932,54
0.18401131052034,3,0.94206008583691,0.487777777777778,0.06,0.642752562225476,878,932,54
0.18401131052034,4,0.94206008583691,0.487777777777778,0.06,0.642752562225476,878,932,54
0.18401131052034,5,0.94206008583691,0.487777777777778,0.06,0.642752562225476,878,932,54
0.18401131052034,7,0.94206008583691,0.487777777777778,0.06,0.642752562225476,878,932,54
0.18401131052034,10,0.943071965628357,0.487777777777778,0.0588888888888889,0.642987916514097,878,931,53
0.188739915551924,1,0.941694169416942,0.475555555555556,0.0588888888888889,0.631967515688446,856,909,53
0.188739915551924,1.1,0.941694169416942,0.475555555555556,0.0588888888888889,0.631967515688446,856,909,53
0.188739915551924,1.25,0.941694169416942,0.475555555555556,0.0588888888888889,0.631967515688446,856,909,53
0.188739915551924,1.5,0.941694169416942,0.475555555555556,0.0588888888888889,0.631967515688446,856,909,53
0.188739915551924,1.75,0.941694169416942,0.475555555555556,0.0588888888888889,0.631967515688446,856,909,53
0.188739915551924,2,0.941694169416942,0.475555555555556,0.0588888888888889,0.631967515688446,856,909,53
0.188739915551924,2.5,0.941694169416942,0.475555555555556,0.0588888888888889,0.631967515688446,856,909,53
0.188739915551924,3,0.941694169416942,0.475555555555556,0.0588888888888889,0.631967515688446,856,909,53
0.188739915551924,4,0.941694169416942,0.475555555555556,0.0588888888888889,0.631967515688446,856,909,53
0.188739915551924,5,0.941694169416942,0.475555555555556,0.0588888888888889,0.631967515688446,856,909,53
0.188739915551924,7,0.941694169416942,0.475555555555556,0.0588888888888889,0.631967515688446,856,909,53
0.188739915551924,10,0.94273127753304,0.475555555555556,0.0577777777777778,0.632200886262925,856,908,52
0.194065480655878,1,0.943630214205186,0.465,0.0555555555555556,0.622999627837737,837,887,50
0.194065480655878,1.1,0.943630214205186,0.465,0.0555555555555556,0.622999627837737,837,887,50
0.194065480655878,1.25,0.943630214205186,0.465,0.0555555555555556,0.622999627837737,837,887,50
0.194065480655878,1.5,0.943630214205186,0.465,0.0555555555555556,0.622999627837737,837,887,50
0.194065480655878,1.75,0.943630214205186,0.465,0.0555555555555556,0.622999627837737,837,887,50
0.194065480655878,2,0.943630214205186,0.465,0.0555555555555556,0.622999627837737,837,887,50
0.194065480655878,2.5,0.943630214205186,0.465,0.0555555555555556,0.622999627837737,837,887,50
0.194065480655878,3,0.943630214205186,0.465,0.0555555555555556,0.622999627837737,837,887,50
0.194065480655878,4,0.943630214205186,0.465,0.0555555555555556,0.622999627837737,837,887,50
0.194065480655878,5,0.943630214205186,0.465,0.0555555555555556,0.622999627837737,837,887,50
0.194065480655878,7,0.943630214205186,0.465,0.0555555555555556,0.622999627837737,837,887,50
0.194065480655878,10,0.943630214205186,0.465,0.0555555555555556,0.622999627837737,837,887,50
0.198232223079206,1,0.94212962962963,0.452222222222222,0.0555555555555556,0.611111111111111,814,864,50
0.198232223079206,1.1,0.94212962962963,0.452222222222222,0.0555555555555556,0.611111111111111,814,864,50
0.198232223079206,1.25,0.94212962962963,0.452222222222222,0.0555555555555556,0.611111111111111,814,864,50
0.198232223079206,1.5,0.94212962962963,0.452222222222222,0.0555555555555556,0.611111111111111,814,864,50
0.198232223079206,1.75,0.94212962962963,0.452222222222222,0.0555555555555556,0.611111111111111,814,864,50
0.198232223079206,2,0.94212962962963,0.452222222222222,0.0555555555555556,0.611111111111111,814,864,50
0.198232223079206,2.5,0.94212962962963,0.452222222222222,0.0555555555555556,0.611111111111111,814,864,50
0.198232223079206,3,0.94212962962963,0.452222222222222,0.0555555555555556,0.611111111111111,814,864,50
0.198232223079206,4,0.94212962962963,0.452222222222222,0.0555555555555556,0.611111111111111,814,864,50
0.198232223079206,5,0.94212962962963,0.452222222222222,0.0555555555555556,0.611111111111111,814,864,50
0.198232223079206,7,0.94212962962963,0.452222222222222,0.0555555555555556,0.611111111111111,814,864,50
0.198232223079206,10,0.94212962962963,0.452222222222222,0.0555555555555556,0.611111111111111,814,864,50
0.203074817821919,1,0.942925089179548,0.440555555555556,0.0533333333333333,0.600530102234002,793,841,48
0.203074817821919,1.1,0.942925089179548,0.440555555555556,0.0533333333333333,0.600530102234002,793,841,48
0.203074817821919,1.25,0.942925089179548,0.440555555555556,0.0533333333333333,0.600530102234002,793,841,48
0.203074817821919,1.5,0.942925089179548,0.440555555555556,0.0533333333333333,0.600530102234002,793,841,48
0.203074817821919,1.75,0.942925089179548,0.440555555555556,0.0533333333333333,0.600530102234002,793,841,48
0.203074817821919,2,0.942925089179548,0.440555555555556,0.0533333333333333,0.600530102234002,793,841,48
0.203074817821919,2.5,0.942925089179548,0.440555555555556,0.0533333333333333,0.600530102234002,793,841,48
0.203074817821919,3,0.942925089179548,0.440555555555556,0.0533333333333333,0.600530102234002,793,841,48
0.203074817821919,4,0.942925089179548,0.440555555555556,0.0533333333333333,0.600530102234002,793,841,48
0.203074817821919,5,0.942925089179548,0.440555555555556,0.0533333333333333,0.600530102234002,793,841,48
0.203074817821919,7,0.942925089179548,0.440555555555556,0.0533333333333333,0.600530102234002,793,841,48
0.203074817821919,10,0.942925089179548,0.440555555555556,0.0533333333333333,0.600530102234002,793,841,48
0.207053586875927,1,0.943833943833944,0.429444444444444,0.0511111111111111,0.590301641848034,773,819,46
0.207053586875927,1.1,0.943833943833944,0.429444444444444,0.0511111111111111,0.590301641848034,773,819,46
0.207053586875927,1.25,0.943833943833944,0.429444444444444,0.0511111111111111,0.590301641848034,773,819,46
0.207053586875927,1.5,0.943833943833944,0.429444444444444,0.0511111111111111,0.590301641848034,773,819,46
0.207053586875927,1.75,0.943833943833944,0.429444444444444,0.0511111111111111,0.590301641848034,773,819,46
0.207053586875927,2,0.943833943833944,0.429444444444444,0.0511111111111111,0.590301641848034,773,819,46
0.207053586875927,2.5,0.943833943833944,0.429444444444444,0.0511111111111111,0.590301641848034,773,819,46
0.207053586875927,3,0.943833943833944,0.429444444444444,0.0511111111111111,0.590301641848034,773,819,46
0.207053586875927,4,0.943833943833944,0.429444444444444,0.0511111111111111,0.590301641848034,773,819,46
0.207053586875927,5,0.943833943833944,0.429444444444444,0.0511111111111111,0.590301641848034,773,819,46
0.207053586875927,7,0.943833943833944,0.429444444444444,0.0511111111111111,0.590301641848034,773,819,46
0.207053586875927,10,0.943833943833944,0.429444444444444,0.0511111111111111,0.590301641848034,773,819,46
0.210904027771959,1,0.943467336683417,0.417222222222222,0.05,0.578582434514638,751,796,45
0.210904027771959,1.1,0.943467336683417,0.417222222222222,0.05,0.578582434514638,751,796,45
0.210904027771959,1.25,0.943467336683417,0.417222222222222,0.05,0.578582434514638,751,796,45
0.210904027771959,1.5,0.943467336683417,0.417222222222222,0.05,0.578582434514638,751,796,45
0.210904027771959,1.75,0.943467336683417,0.417222222222222,0.05,0.578582434514638,751,796,45
0.210904027771959,2,0.943467336683417,0.417222222222222,0.05,0.578582434514638,751,796,45
0.210904027771959,2.5,0.943467336683417,0.417222222222222,0.05,0.578582434514638,751,796,45
0.210904027771959,3,0.943467336683417,0.417222222222222,0.05,0.578582434514638,751,796,45
0.210904027771959,4,0.943467336683417,0.417222222222222,0.05,0.578582434514638,751,796,45
0.210904027771959,5,0.943467336683417,0.417222222222222,0.05,0.578582434514638,751,796,45
0.210904027771959,7,0.943467336683417,0.417222222222222,0.05,0.578582434514638,751,796,45
0.210904027771959,10,0.943467336683417,0.417222222222222,0.05,0.578582434514638,751,796,45
0.21533556102882,1,0.943078913324709,0.405,0.0488888888888889,0.566653711620676,729,773,44
0.21533556102882,1.1,0.943078913324709,0.405,0.0488888888888889,0.566653711620676,729,773,44
0.21533556102882,1.25,0.943078913324709,0.405,0.0488888888888889,0.566653711620676,729,773,44
0.21533556102882,1.5,0.943078913324709,0.405,0.0488888888888889,0.566653711620676,729,773,44
0.21533556102882,1.75,0.943078913324709,0.405,0.0488888888888889,0.566653711620676,729,773,44
0.21533556102882,2,0.943078913324709,0.405,0.0488888888888889,0.566653711620676,729,773,44
0.21533556102882,2.5,0.943078913324709,0.405,0.0488888888888889,0.566653711620676,729,773,44
0.21533556102882,3,0.943078913324709,0.405,0.0488888888888889,0.566653711620676,729,773,44
0.21533556102882,4,0.943078913324709,0.405,0.0488888888888889,0.566653711620676,729,773,44
0.21533556102882,5,0.943078913324709,0.405,0.0488888888888889,0.566653711620676,729,773,44
0.21533556102882,7,0.943078913324709,0.405,0.0488888888888889,0.566653711620676,729,773,44
0.21533556102882,10,0.943078913324709,0.405,0.0488888888888889,0.566653711620676,729,773,44
0.218599802864341,1,0.941411451398136,0.392777777777778,0.0488888888888889,0.554292434339475,707,751,44
0.218599802864341,1.1,0.941411451398136,0.392777777777778,0.0488888888888889,0.554292434339475,707,751,44
0.218599802864341,1.25,0.941411451398136,0.392777777777778,0.0488888888888889,0.554292434339475,707,751,44
0.218599802864341,1.5,0.941411451398136,0.392777777777778,0.0488888888888889,0.554292434339475,707,751,44
0.218599802864341,1.75,0.941411451398136,0.392777777777778,0.0488888888888889,0.554292434339475,707,751,44
0.218599802864341,2,0.941411451398136,0.392777777777778,0.0488888888888889,0.554292434339475,707,751,44
0.218599802864341,2.5,0.941411451398136,0.392777777777778,0.0488888888888889,0.554292434339475,707,751,44
0.218599802864341,3,0.941411451398136,0.392777777777778,0.0488888888888889,0.554292434339475,707,751,44
0.218599802864341,4,0.941411451398136,0.392777777777778,0.0488888888888889,0.554292434339475,707,751,44
0.218599802864341,5,0.941411451398136,0.392777777777778,0.0488888888888889,0.554292434339475,707,751,44
0.218599802864341,7,0.941411451398136,0.392777777777778,0.0488888888888889,0.554292434339475,707,751,44
0.218599802864341,10,0.941411451398136,0.392777777777778,0.0488888888888889,0.554292434339475,707,751,44
0.224308809130363,1,0.942307692307692,0.381111111111111,0.0466666666666667,0.542721518987342,686,728,42
0.224308809130363,1.1,0.942307692307692,0.381111111111111,0.0466666666666667,0.542721518987342,686,728,42
0.224308809130363,1.25,0.942307692307692,0.381111111111111,0.0466666666666667,0.542721518987342,686,728,42
0.224308809130363,1.5,0.942307692307692,0.381111111111111,0.0466666666666667,0.542721518987342,686,728,42
0.224308809130363,1.75,0.942307692307692,0.381111111111111,0.0466666666666667,0.542721518987342,686,728,42
0.224308809130363,2,0.942307692307692,0.381111111111111,0.0466666666666667,0.542721518987342,686,728,42
0.224308809130363,2.5,0.942307692307692,0.381111111111111,0.0466666666666667,0.542721518987342,686,728,42
0.224308809130363,3,0.942307692307692,0.381111111111111,0.0466666666666667,0.542721518987342,686,728,42
0.224308809130363,4,0.942307692307692,0.381111111111111,0.0466666666666667,0.542721518987342,686,728,42
0.224308809130363,5,0.942307692307692,0.381111111111111,0.0466666666666667,0.542721518987342,686,728,42
0.224308809130363,7,0.942307692307692,0.381111111111111,0.0466666666666667,0.542721518987342,686,728,42
0.224308809130363,10,0.942307692307692,0.381111111111111,0.0466666666666667,0.542721518987342,686,728,42
0.22969781485373,1,0.941843971631206,0.368888888888889,0.0455555555555556,0.530139720558882,664,705,41
0.22969781485373,1.1,0.941843971631206,0.368888888888889,0.0455555555555556,0.530139720558882,664,705,41
0.22969781485373,1.25,0.941843971631206,0.368888888888889,0.0455555555555556,0.530139720558882,664,705,41
0.22969781485373,1.5,0.941843971631206,0.368888888888889,0.0455555555555556,0.530139720558882,664,705,41
0.22969781485373,1.75,0.941843971631206,0.368888888888889,0.0455555555555556,0.530139720558882,664,705,41
0.22969781485373,2,0.941843971631206,0.368888888888889,0.0455555555555556,0.530139720558882,664,705,41
0.22969781485373,2.5,0.941843971631206,0.368888888888889,0.0455555555555556,0.530139720558882,664,705,41
0.22969781485373,3,0.941843971631206,0.368888888888889,0.0455555555555556,0.530139720558882,664,705,41
0.22969781485373,4,0.941843971631206,0.368888888888889,0.0455555555555556,0.530139720558882,664,705,41
0.22969781485373,5,0.941843971631206,0.368888888888889,0.0455555555555556,0.530139720558882,664,705,41
0.22969781485373,7,0.941843971631206,0.368888888888889,0.0455555555555556,0.530139720558882,664,705,41
0.22969781485373,10,0.941843971631206,0.368888888888889,0.0455555555555556,0.530139720558882,664,705,41
0.236850214708405,1,0.94289897510981,0.357777777777778,0.0433333333333333,0.518727345952477,644,683,39
0.236850214708405,1.1,0.94289897510981,0.357777777777778,0.0433333333333333,0.518727345952477,644,683,39
0.236850214708405,1.25,0.94289897510981,0.357777777777778,0.0433333333333333,0.518727345952477,644,683,39
0.236850214708405,1.5,0.94289897510981,0.357777777777778,0.0433333333333333,0.518727345952477,644,683,39
0.236850214708405,1.75,0.94289897510981,0.357777777777778,0.0433333333333333,0.518727345952477,644,683,39
0.236850214708405,2,0.94289897510981,0.357777777777778,0.0433333333333333,0.518727345952477,644,683,39
0.236850214708405,2.5,0.94289897510981,0.357777777777778,0.0433333333333333,0.518727345952477,644,683,39
0.236850214708405,3,0.94289897510981,0.357777777777778,0.0433333333333333,0.518727345952477,644,683,39
0.236850214708405,4,0.94289897510981,0.357777777777778,0.0433333333333333,0.518727345952477,644,683,39
0.236850214708405,5,0.94289897510981,0.357777777777778,0.0433333333333333,0.518727345952477,644,683,39
0.236850214708405,7,0.94289897510981,0.357777777777778,0.0433333333333333,0.518727345952477,644,683,39
0.236850214708405,10,0.94289897510981,0.357777777777778,0.0433333333333333,0.518727345952477,644,683,39
0.243473342837681,1,0.943939393939394,0.346111111111111,0.0411111111111111,0.50650406504065,623,660,37
0.243473342837681,1.1,0.943939393939394,0.346111111111111,0.0411111111111111,0.50650406504065,623,660,37
0.243473342837681,1.25,0.943939393939394,0.346111111111111,0.0411111111111111,0.50650406504065,623,660,37
0.243473342837681,1.5,0.943939393939394,0.346111111111111,0.0411111111111111,0.50650406504065,623,660,37
0.243473342837681,1.75,0.943939393939394,0.346111111111111,0.0411111111111111,0.50650406504065,623,660,37
0.243473342837681,2,0.943939393939394,0.346111111111111,0.0411111111111111,0.50650406504065,623,660,37
0.243473342837681,2.5,0.943939393939394,0.346111111111111,0.0411111111111111,0.50650406504065,623,660,37
0.243473342837681,3,0.943939393939394,0.346111111111111,0.0411111111111111,0.50650406504065,623,660,37
0.243473342837681,4,0.943939393939394,0.346111111111111,0.0411111111111111,0.50650406504065,623,660,37
0.243473342837681,5,0.943939393939394,0.346111111111111,0.0411111111111111,0.50650406504065,623,660,37
0.243473342837681,7,0.943939393939394,0.346111111111111,0.0411111111111111,0.50650406504065,623,660,37
0.243473342837681,10,0.943939393939394,0.346111111111111,0.0411111111111111,0.50650406504065,623,660,37
0.248626674056478,1,0.948194662480377,0.335555555555556,0.0366666666666667,0.495691423881822,604,637,33
0.248626674056478,1.1,0.948194662480377,0.335555555555556,0.0366666666666667,0.495691423881822,604,637,33
0.248626674056478,1.25,0.948194662480377,0.335555555555556,0.0366666666666667,0.495691423881822,604,637,33
0.248626674056478,1.5,0.948194662480377,0.335555555555556,0.0366666666666667,0.495691423881822,604,637,33
0.248626674056478,1.75,0.948194662480377,0.335555555555556,0.0366666666666667,0.495691423881822,604,637,33
0.248626674056478,2,0.948194662480377,0.335555555555556,0.0366666666666667,0.495691423881822,604,637,33
0.248626674056478,2.5,0.948194662480377,0.335555555555556,0.0366666666666667,0.495691423881822,604,637,33
0.248626674056478,3,0.948194662480377,0.335555555555556,0.0366666666666667,0.495691423881822,604,637,33
0.248626674056478,4,0.948194662480377,0.335555555555556,0.0366666666666667,0.495691423881822,604,637,33
0.248626674056478,5,0.948194662480377,0.335555555555556,0.0366666666666667,0.495691423881822,604,637,33
0.248626674056478,7,0.948194662480377,0.335555555555556,0.0366666666666667,0.495691423881822,604,637,33
0.248626674056478,10,0.948194662480377,0.335555555555556,0.0366666666666667,0.495691423881822,604,637,33
0.254858602418929,1,0.949593495934959,0.324444444444444,0.0344444444444444,0.483643892339545,584,615,31
0.254858602418929,1.1,0.949593495934959,0.324444444444444,0.0344444444444444,0.483643892339545,584,615,31
0.254858602418929,1.25,0.949593495934959,0.324444444444444,0.0344444444444444,0.483643892339545,584,615,31
0.254858602418929,1.5,0.949593495934959,0.324444444444444,0.0344444444444444,0.483643892339545,584,615,31
0.254858602418929,1.75,0.949593495934959,0.324444444444444,0.0344444444444444,0.483643892339545,584,615,31
0.254858602418929,2,0.949593495934959,0.324444444444444,0.0344444444444444,0.483643892339545,584,615,31
0.254858602418929,2.5,0.949593495934959,0.324444444444444,0.0344444444444444,0.483643892339545,584,615,31
0.254858602418929,3,0.949593495934959,0.324444444444444,0.0344444444444444,0.483643892339545,584,615,31
0.254858602418929,4,0.949593495934959,0.324444444444444,0.0344444444444444,0.483643892339545,584,615,31
0.254858602418929,5,0.949593495934959,0.324444444444444,0.0344444444444444,0.483643892339545,584,615,31
0.254858602418929,7,0.949593495934959,0.324444444444444,0.0344444444444444,0.483643892339545,584,615,31
0.254858602418929,10,0.949593495934959,0.324444444444444,0.0344444444444444,0.483643892339545,584,615,31
0.259930782839452,1,0.947635135135135,0.311666666666667,0.0344444444444444,0.469063545150502,561,592,31
0.259930782839452,1.1,0.947635135135135,0.311666666666667,0.0344444444444444,0.469063545150502,561,592,31
0.259930782839452,1.25,0.947635135135135,0.311666666666667,0.0344444444444444,0.469063545150502,561,592,31
0.259930782839452,1.5,0.947635135135135,0.311666666666667,0.0344444444444444,0.469063545150502,561,592,31
0.259930782839452,1.75,0.947635135135135,0.311666666666667,0.0344444444444444,0.469063545150502,561,592,31
0.259930782839452,2,0.947635135135135,0.311666666666667,0.0344444444444444,0.469063545150502,561,592,31
0.259930782839452,2.5,0.947635135135135,0.311666666666667,0.0344444444444444,0.469063545150502,561,592,31
0.259930782839452,3,0.947635135135135,0.311666666666667,0.0344444444444444,0.469063545150502,561,592,31
0.259930782839452,4,0.947635135135135,0.311666666666667,0.0344444444444444,0.469063545150502,561,592,31
0.259930782839452,5,0.947635135135135,0.311666666666667,0.0344444444444444,0.469063545150502,561,592,31
0.259930782839452,7,0.947635135135135,0.311666666666667,0.0344444444444444,0.469063545150502,561,592,31
0.259930782839452,10,0.947635135135135,0.311666666666667,0.0344444444444444,0.469063545150502,561,592,31
0.264178573151984,1,0.947275922671353,0.299444444444444,0.0333333333333333,0.455044322498945,539,569,30
0.264178573151984,1.1,0.947275922671353,0.299444444444444,0.0333333333333333,0.455044322498945,539,569,30
0.264178573151984,1.25,0.947275922671353,0.299444444444444,0.0333333333333333,0.455044322498945,539,569,30
0.264178573151984,1.5,0.947275922671353,0.299444444444444,0.0333333333333333,0.455044322498945,539,569,30
0.264178573151984,1.75,0.947275922671353,0.299444444444444,0.0333333333333333,0.455044322498945,539,569,30
0.264178573151984,2,0.947275922671353,0.299444444444444,0.0333333333333333,0.455044322498945,539,569,30
0.264178573151984,2.5,0.947275922671353,0.299444444444444,0.0333333333333333,0.455044322498945,539,569,30
0.264178573151984,3,0.947275922671353,0.299444444444444,0.0333333333333333,0.455044322498945,539,569,30
0.264178573151984,4,0.947275922671353,0.299444444444444,0.0333333333333333,0.455044322498945,539,569,30
0.264178573151984,5,0.947275922671353,0.299444444444444,0.0333333333333333,0.455044322498945,539,569,30
0.264178573151984,7,0.947275922671353,0.299444444444444,0.0333333333333333,0.455044322498945,539,569,30
0.264178573151984,10,0.947275922671353,0.299444444444444,0.0333333333333333,0.455044322498945,539,569,30
0.270080183972323,1,0.946983546617916,0.287777777777778,0.0322222222222222,0.441414571793779,518,547,29
0.270080183972323,1.1,0.946983546617916,0.287777777777778,0.0322222222222222,0.441414571793779,518,547,29
0.270080183972323,1.25,0.946983546617916,0.287777777777778,0.0322222222222222,0.441414571793779,518,547,29
0.270080183972323,1.5,0.946983546617916,0.287777777777778,0.0322222222222222,0.441414571793779,518,547,29
0.270080183972323,1.75,0.946983546617916,0.287777777777778,0.0322222222222222,0.441414571793779,518,547,29
0.270080183972323,2,0.946983546617916,0.287777777777778,0.0322222222222222,0.441414571793779,518,547,29
0.270080183972323,2.5,0.946983546617916,0.287777777777778,0.0322222222222222,0.441414571793779,518,547,29
0.270080183972323,3,0.946983546617916,0.287777777777778,0.0322222222222222,0.441414571793779,518,547,29
0.270080183972323,4,0.946983546617916,0.287777777777778,0.0322222222222222,0.441414571793779,518,547,29
0.270080183972323,5,0.946983546617916,0.287777777777778,0.0322222222222222,0.441414571793779,518,547,29
0.270080183972323,7,0.946983546617916,0.287777777777778,0.0322222222222222,0.441414571793779,518,547,29
0.270080183972323,10,0.946983546617916,0.287777777777778,0.0322222222222222,0.441414571793779,518,547,29
0.274657203826468,1,0.948473282442748,0.276111111111111,0.03,0.427710843373494,497,524,27
0.274657203826468,1.1,0.948473282442748,0.276111111111111,0.03,0.427710843373494,497,524,27
0.274657203826468,1.25,0.948473282442748,0.276111111111111,0.03,0.427710843373494,497,524,27
0.274657203826468,1.5,0.948473282442748,0.276111111111111,0.03,0.427710843373494,497,524,27
0.274657203826468,1.75,0.948473282442748,0.276111111111111,0.03,0.427710843373494,497,524,27
0.274657203826468,2,0.948473282442748,0.276111111111111,0.03,0.427710843373494,497,524,27
0.274657203826468,2.5,0.948473282442748,0.276111111111111,0.03,0.427710843373494,497,524,27
0.274657203826468,3,0.948473282442748,0.276111111111111,0.03,0.427710843373494,497,524,27
0.274657203826468,4,0.948473282442748,0.276111111111111,0.03,0.427710843373494,497,524,27
0.274657203826468,5,0.948473282442748,0.276111111111111,0.03,0.427710843373494,497,524,27
0.274657203826468,7,0.948473282442748,0.276111111111111,0.03,0.427710843373494,497,524,27
0.274657203826468,10,0.948473282442748,0.276111111111111,0.03,0.427710843373494,497,524,27
0.280201184120559,1,0.94810379241517,0.263888888888889,0.0288888888888889,0.412863972186006,475,501,26
0.280201184120559,1.1,0.94810379241517,0.263888888888889,0.0288888888888889,0.412863972186006,475,501,26
0.280201184120559,1.25,0.94810379241517,0.263888888888889,0.0288888888888889,0.412863972186006,475,501,26
0.280201184120559,1.5,0.94810379241517,0.263888888888889,0.0288888888888889,0.412863972186006,475,501,26
0.280201184120559,1.75,0.94810379241517,0.263888888888889,0.0288888888888889,0.412863972186006,475,501,26
0.280201184120559,2,0.94810379241517,0.263888888888889,0.0288888888888889,0.412863972186006,475,501,26
0.280201184120559,2.5,0.94810379241517,0.263888888888889,0.0288888888888889,0.412863972186006,475,501,26
0.280201184120559,3,0.94810379241517,0.263888888888889,0.0288888888888889,0.412863972186006,475,501,26
0.280201184120559,4,0.94810379241517,0.263888888888889,0.0288888888888889,0.412863972186006,475,501,26
0.280201184120559,5,0.94810379241517,0.263888888888889,0.0288888888888889,0.412863972186006,475,501,26
0.280201184120559,7,0.94810379241517,0.263888888888889,0.0288888888888889,0.412863972186006,475,501,26
0.280201184120559,10,0.94810379241517,0.263888888888889,0.0288888888888889,0.412863972186006,475,501,26
0.286204568815256,1,0.947807933194154,0.252222222222222,0.0277777777777778,0.398420359806933,454,479,25
0.286204568815256,1.1,0.947807933194154,0.252222222222222,0.0277777777777778,0.398420359806933,454,479,25
0.286204568815256,1.25,0.947807933194154,0.252222222222222,0.0277777777777778,0.398420359806933,454,479,25
0.286204568815256,1.5,0.947807933194154,0.252222222222222,0.0277777777777778,0.398420359806933,454,479,25
0.286204568815256,1.75,0.947807933194154,0.252222222222222,0.0277777777777778,0.398420359806933,454,479,25
0.286204568815256,2,0.947807933194154,0.252222222222222,0.0277777777777778,0.398420359806933,454,479,25
0.286204568815256,2.5,0.947807933194154,0.252222222222222,0.0277777777777778,0.398420359806933,454,479,25
0.286204568815256,3,0.947807933194154,0.252222222222222,0.0277777777777778,0.398420359806933,454,479,25
0.286204568815256,4,0.947807933194154,0.252222222222222,0.0277777777777778,0.398420359806933,454,479,25
0.286204568815256,5,0.947807933194154,0.252222222222222,0.0277777777777778,0.398420359806933,454,479,25
0.286204568815256,7,0.947807933194154,0.252222222222222,0.0277777777777778,0.398420359806933,454,479,25
0.286204568815256,10,0.947807933194154,0.252222222222222,0.0277777777777778,0.398420359806933,454,479,25
0.292494592105319,1,0.951754385964912,0.241111111111111,0.0244444444444444,0.384751773049645,434,456,22
0.292494592105319,1.1,0.951754385964912,0.241111111111111,0.0244444444444444,0.384751773049645,434,456,22
0.292494592105319,1.25,0.951754385964912,0.241111111111111,0.0244444444444444,0.384751773049645,434,456,22
0.292494592105319,1.5,0.951754385964912,0.241111111111111,0.0244444444444444,0.384751773049645,434,456,22
0.292494592105319,1.75,0.951754385964912,0.241111111111111,0.0244444444444444,0.384751773049645,434,456,22
0.292494592105319,2,0.951754385964912,0.241111111111111,0.0244444444444444,0.384751773049645,434,456,22
0.292494592105319,2.5,0.951754385964912,0.241111111111111,0.0244444444444444,0.384751773049645,434,456,22
0.292494592105319,3,0.951754385964912,0.241111111111111,0.0244444444444444,0.384751773049645,434,456,22
0.292494592105319,4,0.951754385964912,0.241111111111111,0.0244444444444444,0.384751773049645,434,456,22
0.292494592105319,5,0.951754385964912,0.241111111111111,0.0244444444444444,0.384751773049645,434,456,22
0.292494592105319,7,0.951754385964912,0.241111111111111,0.0244444444444444,0.384751773049645,434,456,22
0.292494592105319,10,0.951754385964912,0.241111111111111,0.0244444444444444,0.384751773049645,434,456,22
0.299941146133544,1,0.953810623556582,0.229444444444444,0.0222222222222222,0.369905956112853,413,433,20
0.299941146133544,1.1,0.953810623556582,0.229444444444444,0.0222222222222222,0.369905956112853,413,433,20
0.299941146133544,1.25,0.953810623556582,0.229444444444444,0.0222222222222222,0.369905956112853,413,433,20
0.299941146133544,1.5,0.953810623556582,0.229444444444444,0.0222222222222222,0.369905956112853,413,433,20
0.299941146133544,1.75,0.953810623556582,0.229444444444444,0.0222222222222222,0.369905956112853,413,433,20
0.299941146133544,2,0.953810623556582,0.229444444444444,0.0222222222222222,0.369905956112853,413,433,20
0.299941146133544,2.5,0.953810623556582,0.229444444444444,0.0222222222222222,0.369905956112853,413,433,20
0.299941146133544,3,0.953810623556582,0.229444444444444,0.0222222222222222,0.369905956112853,413,433,20
0.299941146133544,4,0.953810623556582,0.229444444444444,0.0222222222222222,0.369905956112853,413,433,20
0.299941146133544,5,0.953810623556582,0.229444444444444,0.0222222222222222,0.369905956112853,413,433,20
0.299941146133544,7,0.953810623556582,0.229444444444444,0.0222222222222222,0.369905956112853,413,433,20
0.299941146133544,10,0.953810623556582,0.229444444444444,0.0222222222222222,0.369905956112853,413,433,20
0.308808174432564,1,0.953771289537713,0.217777777777778,0.0211111111111111,0.354590682948892,392,411,19
0.308808174432564,1.1,0.953771289537713,0.217777777777778,0.0211111111111111,0.354590682948892,392,411,19
0.308808174432564,1.25,0.953771289537713,0.217777777777778,0.0211111111111111,0.354590682948892,392,411,19
0.308808174432564,1.5,0.953771289537713,0.217777777777778,0.0211111111111111,0.354590682948892,392,411,19
0.308808174432564,1.75,0.953771289537713,0.217777777777778,0.0211111111111111,0.354590682948892,392,411,19
0.308808174432564,2,0.953771289537713,0.217777777777778,0.0211111111111111,0.354590682948892,392,411,19
0.308808174432564,2.5,0.953771289537713,0.217777777777778,0.0211111111111111,0.354590682948892,392,411,19
0.308808174432564,3,0.953771289537713,0.217777777777778,0.0211111111111111,0.354590682948892,392,411,19
0.308808174432564,4,0.953771289537713,0.217777777777778,0.0211111111111111,0.354590682948892,392,411,19
0.308808174432564,5,0.953771289537713,0.217777777777778,0.0211111111111111,0.354590682948892,392,411,19
0.308808174432564,7,0.953771289537713,0.217777777777778,0.0211111111111111,0.354590682948892,392,411,19
0.308808174432564,10,0.953771289537713,0.217777777777778,0.0211111111111111,0.354590682948892,392,411,19
0.318488893523829,1,0.95360824742268,0.205555555555556,0.02,0.338208409506399,370,388,18
0.318488893523829,1.1,0.95360824742268,0.205555555555556,0.02,0.338208409506399,370,388,18
0.318488893523829,1.25,0.95360824742268,0.205555555555556,0.02,0.338208409506399,370,388,18
0.318488893523829,1.5,0.95360824742268,0.205555555555556,0.02,0.338208409506399,370,388,18
0.318488893523829,1.75,0.95360824742268,0.205555555555556,0.02,0.338208409506399,370,388,18
0.318488893523829,2,0.95360824742268,0.205555555555556,0.02,0.338208409506399,370,388,18
0.318488893523829,2.5,0.95360824742268,0.205555555555556,0.02,0.338208409506399,370,388,18
0.318488893523829,3,0.95360824742268,0.205555555555556,0.02,0.338208409506399,370,388,18
0.318488893523829,4,0.95360824742268,0.205555555555556,0.02,0.338208409506399,370,388,18
0.318488893523829,5,0.95360824742268,0.205555555555556,0.02,0.338208409506399,370,388,18
0.318488893523829,7,0.95360824742268,0.205555555555556,0.02,0.338208409506399,370,388,18
0.318488893523829,10,0.95360824742268,0.205555555555556,0.02,0.338208409506399,370,388,18
0.331944925560924,1,0.950684931506849,0.192777777777778,0.02,0.320554272517321,347,365,18
0.331944925560924,1.1,0.950684931506849,0.192777777777778,0.02,0.320554272517321,347,365,18
0.331944925560924,1.25,0.950684931506849,0.192777777777778,0.02,0.320554272517321,347,365,18
0.331944925560924,1.5,0.950684931506849,0.192777777777778,0.02,0.320554272517321,347,365,18
0.331944925560924,1.75,0.950684931506849,0.192777777777778,0.02,0.320554272517321,347,365,18
0.331944925560924,2,0.950684931506849,0.192777777777778,0.02,0.320554272517321,347,365,18
0.331944925560924,2.5,0.950684931506849,0.192777777777778,0.02,0.320554272517321,347,365,18
0.331944925560924,3,0.950684931506849,0.192777777777778,0.02,0.320554272517321,347,365,18
0.331944925560924,4,0.950684931506849,0.192777777777778,0.02,0.320554272517321,347,365,18
0.331944925560924,5,0.950684931506849,0.192777777777778,0.02,0.320554272517321,347,365,18
0.331944925560924,7,0.950684931506849,0.192777777777778,0.02,0.320554272517321,347,365,18
0.331944925560924,10,0.950684931506849,0.192777777777778,0.02,0.320554272517321,347,365,18
0.344089149377996,1,0.947521865889213,0.180555555555556,0.02,0.303313112459169,325,343,18
0.344089149377996,1.1,0.947521865889213,0.180555555555556,0.02,0.303313112459169,325,343,18
0.344089149377996,1.25,0.947521865889213,0.180555555555556,0.02,0.303313112459169,325,343,18
0.344089149377996,1.5,0.947521865889213,0.180555555555556,0.02,0.303313112459169,325,343,18
0.344089149377996,1.75,0.947521865889213,0.180555555555556,0.02,0.303313112459169,325,343,18
0.344089149377996,2,0.947521865889213,0.180555555555556,0.02,0.303313112459169,325,343,18
0.344089149377996,2.5,0.947521865889213,0.180555555555556,0.02,0.303313112459169,325,343,18
0.344089149377996,3,0.947521865889213,0.180555555555556,0.02,0.303313112459169,325,343,18
0.344089149377996,4,0.947521865889213,0.180555555555556,0.02,0.303313112459169,325,343,18
0.344089149377996,5,0.947521865889213,0.180555555555556,0.02,0.303313112459169,325,343,18
0.344089149377996,7,0.947521865889213,0.180555555555556,0.02,0.303313112459169,325,343,18
0.344089149377996,10,0.947521865889213,0.180555555555556,0.02,0.303313112459169,325,343,18
0.351202701318888,1,0.94375,0.167777777777778,0.02,0.284905660377358,302,320,18
0.351202701318888,1.1,0.94375,0.167777777777778,0.02,0.284905660377358,302,320,18
0.351202701318888,1.25,0.94375,0.167777777777778,0.02,0.284905660377358,302,320,18
0.351202701318888,1.5,0.94375,0.167777777777778,0.02,0.284905660377358,302,320,18
0.351202701318888,1.75,0.94375,0.167777777777778,0.02,0.284905660377358,302,320,18
0.351202701318888,2,0.94375,0.167777777777778,0.02,0.284905660377358,302,320,18
0.351202701318888,2.5,0.94375,0.167777777777778,0.02,0.284905660377358,302,320,18
0.351202701318888,3,0.94375,0.167777777777778,0.02,0.284905660377358,302,320,18
0.351202701318888,4,0.94375,0.167777777777778,0.02,0.284905660377358,302,320,18
0.351202701318888,5,0.94375,0.167777777777778,0.02,0.284905660377358,302,320,18
0.351202701318888,7,0.94375,0.167777777777778,0.02,0.284905660377358,302,320,18
0.351202701318888,10,0.94375,0.167777777777778,0.02,0.284905660377358,302,320,18
0.363742638001317,1,0.946127946127946,0.156111111111111,0.0177777777777778,0.268001907486886,281,297,16
0.363742638001317,1.1,0.946127946127946,0.156111111111111,0.0177777777777778,0.268001907486886,281,297,16
0.363742638001317,1.25,0.946127946127946,0.156111111111111,0.0177777777777778,0.268001907486886,281,297,16
0.363742638001317,1.5,0.946127946127946,0.156111111111111,0.0177777777777778,0.268001907486886,281,297,16
0.363742638001317,1.75,0.946127946127946,0.156111111111111,0.0177777777777778,0.268001907486886,281,297,16
0.363742638001317,2,0.946127946127946,0.156111111111111,0.0177777777777778,0.268001907486886,281,297,16
0.363742638001317,2.5,0.946127946127946,0.156111111111111,0.0177777777777778,0.268001907486886,281,297,16
0.363742638001317,3,0.946127946127946,0.156111111111111,0.0177777777777778,0.268001907486886,281,297,16
0.363742638001317,4,0.946127946127946,0.156111111111111,0.0177777777777778,0.268001907486886,281,297,16
0.363742638001317,5,0.946127946127946,0.156111111111111,0.0177777777777778,0.268001907486886,281,297,16
0.363742638001317,7,0.946127946127946,0.156111111111111,0.0177777777777778,0.268001907486886,281,297,16
0.363742638001317,10,0.946127946127946,0.156111111111111,0.0177777777777778,0.268001907486886,281,297,16
0.372316699191525,1,0.941818181818182,0.143888888888889,0.0177777777777778,0.249638554216868,259,275,16
0.372316699191525,1.1,0.941818181818182,0.143888888888889,0.0177777777777778,0.249638554216868,259,275,16
0.372316699191525,1.25,0.941818181818182,0.143888888888889,0.0177777777777778,0.249638554216868,259,275,16
0.372316699191525,1.5,0.941818181818182,0.143888888888889,0.0177777777777778,0.249638554216868,259,275,16
0.372316699191525,1.75,0.941818181818182,0.143888888888889,0.0177777777777778,0.249638554216868,259,275,16
0.372316699191525,2,0.941818181818182,0.143888888888889,0.0177777777777778,0.249638554216868,259,275,16
0.372316699191525,2.5,0.941818181818182,0.143888888888889,0.0177777777777778,0.249638554216868,259,275,16
0.372316699191525,3,0.941818181818182,0.143888888888889,0.0177777777777778,0.249638554216868,259,275,16
0.372316699191525,4,0.941818181818182,0.143888888888889,0.0177777777777778,0.249638554216868,259,275,16
0.372316699191525,5,0.941818181818182,0.143888888888889,0.0177777777777778,0.249638554216868,259,275,16
0.372316699191525,7,0.941818181818182,0.143888888888889,0.0177777777777778,0.249638554216868,259,275,16
0.372316699191525,10,0.941818181818182,0.143888888888889,0.0177777777777778,0.249638554216868,259,275,16
0.381081934230703,1,0.94047619047619,0.131666666666667,0.0166666666666667,0.230994152046784,237,252,15
0.381081934230703,1.1,0.94047619047619,0.131666666666667,0.0166666666666667,0.230994152046784,237,252,15
0.381081934230703,1.25,0.94047619047619,0.131666666666667,0.0166666666666667,0.230994152046784,237,252,15
0.381081934230703,1.5,0.94047619047619,0.131666666666667,0.0166666666666667,0.230994152046784,237,252,15
0.381081934230703,1.75,0.94047619047619,0.131666666666667,0.0166666666666667,0.230994152046784,237,252,15
0.381081934230703,2,0.94047619047619,0.131666666666667,0.0166666666666667,0.230994152046784,237,252,15
0.381081934230703,2.5,0.94047619047619,0.131666666666667,0.0166666666666667,0.230994152046784,237,252,15
0.381081934230703,3,0.94047619047619,0.131666666666667,0.0166666666666667,0.230994152046784,237,252,15
0.381081934230703,4,0.94047619047619,0.131666666666667,0.0166666666666667,0.230994152046784,237,252,15
0.381081934230703,5,0.94047619047619,0.131666666666667,0.0166666666666667,0.230994152046784,237,252,15
0.381081934230703,7,0.94047619047619,0.131666666666667,0.0166666666666667,0.230994152046784,237,252,15
0.381081934230703,10,0.94047619047619,0.131666666666667,0.0166666666666667,0.230994152046784,237,252,15
0.392581399652311,1,0.951965065502183,0.121111111111111,0.0122222222222222,0.214884179398719,218,229,11
0.392581399652311,1.1,0.951965065502183,0.121111111111111,0.0122222222222222,0.214884179398719,218,229,11
0.392581399652311,1.25,0.951965065502183,0.121111111111111,0.0122222222222222,0.214884179398719,218,229,11
0.392581399652311,1.5,0.951965065502183,0.121111111111111,0.0122222222222222,0.214884179398719,218,229,11
0.392581399652311,1.75,0.951965065502183,0.121111111111111,0.0122222222222222,0.214884179398719,218,229,11
0.392581399652311,2,0.951965065502183,0.121111111111111,0.0122222222222222,0.214884179398719,218,229,11
0.392581399652311,2.5,0.951965065502183,0.121111111111111,0.0122222222222222,0.214884179398719,218,229,11
0.392581399652311,3,0.951965065502183,0.121111111111111,0.0122222222222222,0.214884179398719,218,229,11
0.392581399652311,4,0.951965065502183,0.121111111111111,0.0122222222222222,0.214884179398719,218,229,11
0.392581399652311,5,0.951965065502183,0.121111111111111,0.0122222222222222,0.214884179398719,218,229,11
0.392581399652311,7,0.951965065502183,0.121111111111111,0.0122222222222222,0.214884179398719,218,229,11
0.392581399652311,10,0.951965065502183,0.121111111111111,0.0122222222222222,0.214884179398719,218,229,11
0.405759141231343,1,0.956521739130435,0.11,0.01,0.197309417040359,198,207,9
0.405759141231343,1.1,0.956521739130435,0.11,0.01,0.197309417040359,198,207,9
0.405759141231343,1.25,0.956521739130435,0.11,0.01,0.197309417040359,198,207,9
0.405759141231343,1.5,0.956521739130435,0.11,0.01,0.197309417040359,198,207,9
0.405759141231343,1.75,0.956521739130435,0.11,0.01,0.197309417040359,198,207,9
0.405759141231343,2,0.956521739130435,0.11,0.01,0.197309417040359,198,207,9
0.405759141231343,2.5,0.956521739130435,0.11,0.01,0.197309417040359,198,207,9
0.405759141231343,3,0.956521739130435,0.11,0.01,0.197309417040359,198,207,9
0.405759141231343,4,0.956521739130435,0.11,0.01,0.197309417040359,198,207,9
0.405759141231343,5,0.956521739130435,0.11,0.01,0.197309417040359,198,207,9
0.405759141231343,7,0.956521739130435,0.11,0.01,0.197309417040359,198,207,9
0.405759141231343,10,0.956521739130435,0.11,0.01,0.197309417040359,198,207,9
0.424232333910059,1,0.956521739130435,0.0977777777777778,0.00888888888888889,0.17741935483871,176,184,8
0.424232333910059,1.1,0.956521739130435,0.0977777777777778,0.00888888888888889,0.17741935483871,176,184,8
0.424232333910059,1.25,0.956521739130435,0.0977777777777778,0.00888888888888889,0.17741935483871,176,184,8
0.424232333910059,1.5,0.956521739130435,0.0977777777777778,0.00888888888888889,0.17741935483871,176,184,8
0.424232333910059,1.75,0.956521739130435,0.0977777777777778,0.00888888888888889,0.17741935483871,176,184,8
0.424232333910059,2,0.956521739130435,0.0977777777777778,0.00888888888888889,0.17741935483871,176,184,8
0.424232333910059,2.5,0.956521739130435,0.0977777777777778,0.00888888888888889,0.17741935483871,176,184,8
0.424232333910059,3,0.956521739130435,0.0977777777777778,0.00888888888888889,0.17741935483871,176,184,8
0.424232333910059,4,0.956521739130435,0.0977777777777778,0.00888888888888889,0.17741935483871,176,184,8
0.424232333910059,5,0.956521739130435,0.0977777777777778,0.00888888888888889,0.17741935483871,176,184,8
0.424232333910059,7,0.956521739130435,0.0977777777777778,0.00888888888888889,0.17741935483871,176,184,8
0.424232333910059,10,0.956521739130435,0.0977777777777778,0.00888888888888889,0.17741935483871,176,184,8
0.439341759637965,1,0.956521739130435,0.0855555555555556,0.00777777777777778,0.157062723100459,154,161,7
0.439341759637965,1.1,0.956521739130435,0.0855555555555556,0.00777777777777778,0.157062723100459,154,161,7
0.439341759637965,1.25,0.956521739130435,0.0855555555555556,0.00777777777777778,0.157062723100459,154,161,7
0.439341759637965,1.5,0.956521739130435,0.0855555555555556,0.00777777777777778,0.157062723100459,154,161,7
0.439341759637965,1.75,0.956521739130435,0.0855555555555556,0.00777777777777778,0.157062723100459,154,161,7
0.439341759637965,2,0.956521739130435,0.0855555555555556,0.00777777777777778,0.157062723100459,154,161,7
0.439341759637965,2.5,0.956521739130435,0.0855555555555556,0.00777777777777778,0.157062723100459,154,161,7
0.439341759637965,3,0.956521739130435,0.0855555555555556,0.00777777777777778,0.157062723100459,154,161,7
0.439341759637965,4,0.956521739130435,0.0855555555555556,0.00777777777777778,0.157062723100459,154,161,7
0.439341759637965,5,0.956521739130435,0.0855555555555556,0.00777777777777778,0.157062723100459,154,161,7
0.439341759637965,7,0.956521739130435,0.0855555555555556,0.00777777777777778,0.157062723100459,154,161,7
0.439341759637965,10,0.956521739130435,0.0855555555555556,0.00777777777777778,0.157062723100459,154,161,7
0.453015004551377,1,0.964028776978417,0.0744444444444444,0.00555555555555556,0.13821557503868,134,139,5
0.453015004551377,1.1,0.964028776978417,0.0744444444444444,0.00555555555555556,0.13821557503868,134,139,5
0.453015004551377,1.25,0.964028776978417,0.0744444444444444,0.00555555555555556,0.13821557503868,134,139,5
0.453015004551377,1.5,0.964028776978417,0.0744444444444444,0.00555555555555556,0.13821557503868,134,139,5
0.453015004551377,1.75,0.964028776978417,0.0744444444444444,0.00555555555555556,0.13821557503868,134,139,5
0.453015004551377,2,0.964028776978417,0.0744444444444444,0.00555555555555556,0.13821557503868,134,139,5
0.453015004551377,2.5,0.964028776978417,0.0744444444444444,0.00555555555555556,0.13821557503868,134,139,5
0.453015004551377,3,0.964028776978417,0.0744444444444444,0.00555555555555556,0.13821557503868,134,139,5
0.453015004551377,4,0.964028776978417,0.0744444444444444,0.00555555555555556,0.13821557503868,134,139,5
0.453015004551377,5,0.964028776978417,0.0744444444444444,0.00555555555555556,0.13821557503868,134,139,5
0.453015004551377,7,0.964028776978417,0.0744444444444444,0.00555555555555556,0.13821557503868,134,139,5
0.453015004551377,10,0.964028776978417,0.0744444444444444,0.00555555555555556,0.13821557503868,134,139,5
0.467193970511606,1,0.956896551724138,0.0616666666666667,0.00555555555555556,0.115866388308977,111,116,5
0.467193970511606,1.1,0.956896551724138,0.0616666666666667,0.00555555555555556,0.115866388308977,111,116,5
0.467193970511606,1.25,0.956896551724138,0.0616666666666667,0.00555555555555556,0.115866388308977,111,116,5
0.467193970511606,1.5,0.956896551724138,0.0616666666666667,0.00555555555555556,0.115866388308977,111,116,5
0.467193970511606,1.75,0.956896551724138,0.0616666666666667,0.00555555555555556,0.115866388308977,111,116,5
0.467193970511606,2,0.956896551724138,0.0616666666666667,0.00555555555555556,0.115866388308977,111,116,5
0.467193970511606,2.5,0.956896551724138,0.0616666666666667,0.00555555555555556,0.115866388308977,111,116,5
0.467193970511606,3,0.956896551724138,0.0616666666666667,0.00555555555555556,0.115866388308977,111,116,5
0.467193970511606,4,0.956896551724138,0.0616666666666667,0.00555555555555556,0.115866388308977,111,116,5
0.467193970511606,5,0.956896551724138,0.0616666666666667,0.00555555555555556,0.115866388308977,111,116,5
0.467193970511606,7,0.956896551724138,0.0616666666666667,0.00555555555555556,0.115866388308977,111,116,5
0.467193970511606,10,0.956896551724138,0.0616666666666667,0.00555555555555556,0.115866388308977,111,116,5
0.487665196941323,1,0.956989247311828,0.0494444444444444,0.00444444444444444,0.0940306391970417,89,93,4
0.487665196941323,1.1,0.956989247311828,0.0494444444444444,0.00444444444444444,0.0940306391970417,89,93,4
0.487665196941323,1.25,0.956989247311828,0.0494444444444444,0.00444444444444444,0.0940306391970417,89,93,4
0.487665196941323,1.5,0.956989247311828,0.0494444444444444,0.00444444444444444,0.0940306391970417,89,93,4
0.487665196941323,1.75,0.956989247311828,0.0494444444444444,0.00444444444444444,0.0940306391970417,89,93,4
0.487665196941323,2,0.956989247311828,0.0494444444444444,0.00444444444444444,0.0940306391970417,89,93,4
0.487665196941323,2.5,0.956989247311828,0.0494444444444444,0.00444444444444444,0.0940306391970417,89,93,4
0.487665196941323,3,0.956989247311828,0.0494444444444444,0.00444444444444444,0.0940306391970417,89,93,4
0.487665196941323,4,0.956989247311828,0.0494444444444444,0.00444444444444444,0.0940306391970417,89,93,4
0.487665196941323,5,0.956989247311828,0.0494444444444444,0.00444444444444444,0.0940306391970417,89,93,4
0.487665196941323,7,0.956989247311828,0.0494444444444444,0.00444444444444444,0.0940306391970417,89,93,4
0.487665196941323,10,0.956989247311828,0.0494444444444444,0.00444444444444444,0.0940306391970417,89,93,4
0.505818383711998,1,0.943661971830986,0.0372222222222222,0.00444444444444444,0.0716194548369856,67,71,4
0.505818383711998,1.1,0.943661971830986,0.0372222222222222,0.00444444444444444,0.0716194548369856,67,71,4
0.505818383711998,1.25,0.943661971830986,0.0372222222222222,0.00444444444444444,0.0716194548369856,67,71,4
0.505818383711998,1.5,0.943661971830986,0.0372222222222222,0.00444444444444444,0.0716194548369856,67,71,4
0.505818383711998,1.75,0.943661971830986,0.0372222222222222,0.00444444444444444,0.0716194548369856,67,71,4
0.505818383711998,2,0.943661971830986,0.0372222222222222,0.00444444444444444,0.0716194548369856,67,71,4
0.505818383711998,2.5,0.943661971830986,0.0372222222222222,0.00444444444444444,0.0716194548369856,67,71,4
0.505818383711998,3,0.943661971830986,0.0372222222222222,0.00444444444444444,0.0716194548369856,67,71,4
0.505818383711998,4,0.943661971830986,0.0372222222222222,0.00444444444444444,0.0716194548369856,67,71,4
0.505818383711998,5,0.943661971830986,0.0372222222222222,0.00444444444444444,0.0716194548369856,67,71,4
0.505818383711998,7,0.943661971830986,0.0372222222222222,0.00444444444444444,0.0716194548369856,67,71,4
0.505818383711998,10,0.943661971830986,0.0372222222222222,0.00444444444444444,0.0716194548369856,67,71,4
0.539654481206967,1,0.9375,0.025,0.00333333333333333,0.0487012987012987,45,48,3
0.539654481206967,1.1,0.9375,0.025,0.00333333333333333,0.0487012987012987,45,48,3
0.539654481206967,1.25,0.9375,0.025,0.00333333333333333,0.0487012987012987,45,48,3
0.539654481206967,1.5,0.9375,0.025,0.00333333333333333,0.0487012987012987,45,48,3
0.539654481206967,1.75,0.9375,0.025,0.00333333333333333,0.0487012987012987,45,48,3
0.539654481206967,2,0.9375,0.025,0.00333333333333333,0.0487012987012987,45,48,3
0.539654481206967,2.5,0.9375,0.025,0.00333333333333333,0.0487012987012987,45,48,3
0.539654481206967,3,0.9375,0.025,0.00333333333333333,0.0487012987012987,45,48,3
0.539654481206967,4,0.9375,0.025,0.00333333333333333,0.0487012987012987,45,48,3
0.539654481206967,5,0.9375,0.025,0.00333333333333333,0.0487012987012987,45,48,3
0.539654481206967,7,0.9375,0.025,0.00333333333333333,0.0487012987012987,45,48,3
0.539654481206967,10,0.9375,0.025,0.00333333333333333,0.0487012987012987,45,48,3
0.586489538336985,1,0.88,0.0122222222222222,0.00333333333333333,0.0241095890410959,22,25,3
0.586489538336985,1.1,0.88,0.0122222222222222,0.00333333333333333,0.0241095890410959,22,25,3
0.586489538336985,1.25,0.88,0.0122222222222222,0.00333333333333333,0.0241095890410959,22,25,3
0.586489538336985,1.5,0.88,0.0122222222222222,0.00333333333333333,0.0241095890410959,22,25,3
0.586489538336985,1.75,0.88,0.0122222222222222,0.00333333333333333,0.0241095890410959,22,25,3
0.586489538336985,2,0.88,0.0122222222222222,0.00333333333333333,0.0241095890410959,22,25,3
0.586489538336985,2.5,0.88,0.0122222222222222,0.00333333333333333,0.0241095890410959,22,25,3
0.586489538336985,3,0.88,0.0122222222222222,0.00333333333333333,0.0241095890410959,22,25,3
0.586489538336985,4,0.88,0.0122222222222222,0.00333333333333333,0.0241095890410959,22,25,3
0.586489538336985,5,0.88,0.0122222222222222,0.00333333333333333,0.0241095890410959,22,25,3
0.586489538336985,7,0.88,0.0122222222222222,0.00333333333333333,0.0241095890410959,22,25,3
0.586489538336985,10,0.88,0.0122222222222222,0.00333333333333333,0.0241095890410959,22,25,3
0.645540340201766,1,1,0.00166666666666667,0,0.00332778702163062,3,3,0
0.645540340201766,1.1,1,0.00166666666666667,0,0.00332778702163062,3,3,0
0.645540340201766,1.25,1,0.00166666666666667,0,0.00332778702163062,3,3,0
0.645540340201766,1.5,1,0.00166666666666667,0,0.00332778702163062,3,3,0
0.645540340201766,1.75,1,0.00166666666666667,0,0.00332778702163062,3,3,0
0.645540340201766,2,1,0.00166666666666667,0,0.00332778702163062,3,3,0
0.645540340201766,2.5,1,0.00166666666666667,0,0.00332778702163062,3,3,0
0.645540340201766,3,1,0.00166666666666667,0,0.00332778702163062,3,3,0
0.645540340201766,4,1,0.00166666666666667,0,0.00332778702163062,3,3,0
0.645540340201766,5,1,0.00166666666666667,0,0.00332778702163062,3,3,0
0.645540340201766,7,1,0.00166666666666667,0,0.00332778702163062,3,3,0
0.645540340201766,10,1,0.00166666666666667,0,0.00332778702163062,3,3,0
